# version	name	file (relative to supabase/migrations_v2)	md5(file) == md5(live statements[1])
20261006054752	0001_extensions_and_schemas	0001_extensions_and_schemas.sql	230c6a5025a080a359d08f998eec7ebd
20261006054758	0002_migration_control	0002_migration_control.sql	bd900ded037de99cddeb8d4f4ca9974d
20261006054801	0003_core_identity_taxonomy	0003_core_identity_taxonomy.sql	b9e205c6a2dfb616bb197eaab447ce52
20261006054806	0004_content	0004_content.sql	2c3d0c08e7ff745292d64fae8c3b2122
20261006054809	0005_learning_transactions	0005_learning_transactions.sql	1a87a8cfff148aa1c4b2d4381e941090
20261006054813	0006_learner_features	0006_learner_features.sql	9d08e1071327f29ea1349c8db69b57a7
20261006054816	0007_intelligence_core	0007_intelligence_core.sql	8bbbb96bcf538de0ac620e1ee3c672a1
20261006054820	0008_command_ai_platform	0008_command_ai_platform.sql	d78d7cca03c658571252aa3246b48b57
20261006054824	0009_rls	0009_rls.sql	6259e619fccb0a1396979c9c90ee6d3d
20261006054829	0010_integrity_and_updated_at	0010_integrity_and_updated_at.sql	e8dda962ca9dd71c30e5dd373dd8026d
20261006054836	0001_extensions_and_schemas	0001_extensions_and_schemas.sql	230c6a5025a080a359d08f998eec7ebd
20261006054839	0002_migration_control	0002_migration_control.sql	bd900ded037de99cddeb8d4f4ca9974d
20261006054843	0003_core_identity_taxonomy	0003_core_identity_taxonomy.sql	b9e205c6a2dfb616bb197eaab447ce52
20261006054846	0004_content	0004_content.sql	2c3d0c08e7ff745292d64fae8c3b2122
20261006054851	0005_learning_transactions	0005_learning_transactions.sql	1a87a8cfff148aa1c4b2d4381e941090
20261006054855	0006_learner_features	0006_learner_features.sql	9d08e1071327f29ea1349c8db69b57a7
20261006054901	0007_intelligence_core	0007_intelligence_core.sql	8bbbb96bcf538de0ac620e1ee3c672a1
20261006054904	0008_command_ai_platform	0008_command_ai_platform.sql	d78d7cca03c658571252aa3246b48b57
20261006054926	0011_core_functions	0011_core_functions.sql	e96d8b268de5f293106d95cfa12148bc
20261006054929	0012_schema_permissions	0012_schema_permissions.sql	a5b3f217a0a0087c347515d0c1207854
20261006054932	0013_pie_core	0013_pie_core.sql	479037e334c0311505b82c5ea1ba1904
20261006054936	0014_pie_validation_decision	0014_pie_validation_decision.sql	cc3379da151245302fb1aeb54af4cf27
20261006054941	0015_amc_adapter	0015_amc_adapter.sql	87a0ef132065f50b9f26de65c2dc2aff
20261006054945	0016_privileged_functions_and_views	0016_privileged_functions_and_views.sql	ec417c7e2a801d24269be9264e1e59f6
20261006054948	0017_phase5_rls	0017_phase5_rls.sql	6e3bc1af2541c547de487b104738f067
20261006055016	0018_security_hardening	0018_security_hardening.sql	98d401442b014cee04a3b8fa4e596f0d
20261006055059	0020_recreate_learner_views	0020_recreate_learner_views.sql	5e0a7e2f4af249a8dcadad470a247475
20261006060105	phase10_practice_session_lifecycle_v2	live_applied/20261006060105_phase10_practice_session_lifecycle_v2.sql	e339bab8ddb8c360df6830977619de95
20261006060135	phase10_practice_rpc_privileges	live_applied/20261006060135_phase10_practice_rpc_privileges.sql	927ef52fb2c83dcabe60224c74eaa3ce
20261006060920	0021_secure_practice_results	live_applied/20261006060920_0021_secure_practice_results.sql	e87918c2673e007fe4baafcd8831aede
20261006060927	0022_practice_results_correct_answer_after_completion	live_applied/20261006060927_0022_practice_results_correct_answer_after_completion.sql	492ae39a76e032c437252b73c8359118
20261006061245	0023_revoke_anon_practice_results	live_applied/20261006061245_0023_revoke_anon_practice_results.sql	e67d811e7928ad996fa712c85a942aac
20261006064444	v2_practice_question_pool	live_applied/20261006064444_v2_practice_question_pool.sql	4bf0a4042c73186a2a359cb0e37ca197
20261006070753	revoke_anon_v2_question_pool	live_applied/20261006070753_revoke_anon_v2_question_pool.sql	0b92030b9aa9c08453ce264effa502ef
20261006071707	learner_view_privilege_hardening	0024_learner_view_privilege_hardening.sql	154b176acc117f6cff893acb9c09a100
20261006072142	pie_v2_runtime_minimum	0025_pie_v2_runtime_minimum.sql	96d6c2d861d2443adfd6b5209c4ea198
20261006072200	pie_safe_learner_view	0026_pie_safe_learner_view.sql	590f0473e10b6c2b2b482fc04a76a7f6
20261006072400	amc_v2_baseline_configuration	0027_amc_v2_baseline_configuration.sql	044d3d3645a218a6d7cfe32cfe1f81a3
20261006072424	migration_rehearsal_baseline	0028_migration_rehearsal_baseline.sql	0daf14478d2750ce3d128eba29baf34e
20261006072519	v2_canonical_candidate_intelligence_runtime	0029_canonical_candidate_intelligence_runtime.sql	45c5d624913ef29cbbb5814560dd7241
20261006072637	pie_candidate_state_self_refresh	0030_pie_candidate_state_self_refresh.sql	7eb079c80df4a67c7b33ada1fe1ecfa6
20261006072649	v2_attempt_intelligence_telemetry	0031_attempt_intelligence_telemetry.sql	daff1dbc481de51460f0f4c32ce5b55b
20261006072707	v2_intervention_catalog_baseline	0033_intervention_catalog_baseline_retry.sql	de648e1781cae267758907da1f6ee7e6
20261006073009	v2_base_content_column_security	live_applied/20261006073009_v2_base_content_column_security.sql	bd6d91102c9d7c27097258512da6212f
20261006073216	v2_intervention_catalog_baseline_retry	0033_intervention_catalog_baseline_retry.sql	de648e1781cae267758907da1f6ee7e6
20261006073249	v2_intelligence_policies_authenticated_only	0034_intelligence_policies_authenticated_only.sql	668a912a0cb8c2d4def4d32906e4d4b3
20261006075025	0035_authenticated_practice_policies	live_applied/20261006075025_0035_authenticated_practice_policies.sql	57a8597f3b1717516579d1199fa0a19e
20261006075120	0036_pin_updated_at_search_path	live_applied/20261006075120_0036_pin_updated_at_search_path.sql	7cddaf3be71d677a21def2bd5676dca9
20261006075138	0037_enforce_active_practice_questions	live_applied/20261006075138_0037_enforce_active_practice_questions.sql	b7bdf72ae3f1ab866f83b65b8984497d
20261006075155	0038_prevent_practice_explanation_leak	live_applied/20261006075155_0038_prevent_practice_explanation_leak.sql	307ba39ea665f236b7ea4dc11fd3a61f
20261006075221	0039_prevent_pool_explanation_leak	live_applied/20261006075221_0039_prevent_pool_explanation_leak.sql	29d54f2e72581cbfa173892758dcb984
20261006075247	0040_harden_practice_attempt_boundary	live_applied/20261006075247_0040_harden_practice_attempt_boundary.sql	fdde2e8f759b32c408294eee9127253c
20261006075314	0041_bound_practice_session_size	live_applied/20261006075314_0041_bound_practice_session_size.sql	309fcf94f65e6bd2988b9a63374d1c8e
20261006075415	0042_security_invoker_learner_views	live_applied/20261006075415_0042_security_invoker_learner_views.sql	8967c807b168755cae4ab719430ca9d3
20261006075420	0043_security_invoker_remaining_views	live_applied/20261006075420_0043_security_invoker_remaining_views.sql	67fff6bcfc0a5b1e5f88ddcd81894142
20261006111902	public_pie_rebuild_boundary	live_applied/20261006111902_public_pie_rebuild_boundary.sql	139cfa766c9815eeb05eed90fce53aea
20261006111928	expose_pie_rpc_schema	live_applied/20261006111928_expose_pie_rpc_schema.sql	0c73139e0f6683e7caf3dafa7c47d403
