zyntra_id,question_id,subject,concept_key,lo_key,tier,irt_b_source,mapping_confidence,review_note
ZYNTRA-BS-001,5f51931a-5eb1-48b1-9927-f0541fcc3570,Anatomy,ANATOMY.PERIPHERAL_NERVE_ANATOMY,ANATOMY.PERIPHERAL_NERVE_ANATOMY.LO1,very easy,tier_prior,high,
ZYNTRA-BS-006,9bb0b248-54c2-48b4-a15a-46647bf485c4,Anatomy,ANATOMY.PERIPHERAL_NERVE_ANATOMY,ANATOMY.PERIPHERAL_NERVE_ANATOMY.LO1,very easy,tier_prior,high,
ZYNTRA-BS-011,f068e235-b840-4456-86a4-9ce63659c4db,Anatomy,ANATOMY.PERIPHERAL_NERVE_ANATOMY,ANATOMY.PERIPHERAL_NERVE_ANATOMY.LO1,very easy,tier_prior,high,
ZYNTRA-BS-016,e4af90ce-dca1-416d-adc6-0ff7d1fc5b0c,Anatomy,ANATOMY.PERIPHERAL_NERVE_ANATOMY,ANATOMY.PERIPHERAL_NERVE_ANATOMY.LO1,moderate,tier_prior,high,
ZYNTRA-BS-021,172d5ef1-5d90-45ee-b911-95ec6ff1e88b,Anatomy,ANATOMY.PERIPHERAL_NERVE_ANATOMY,ANATOMY.PERIPHERAL_NERVE_ANATOMY.LO1,very hard,tier_prior,high,
ZYNTRA-BS-002,42e105c5-4648-4f8d-a6c2-77f45cc697fc,Anatomy,ANATOMY.LOWER_LIMB_ANATOMY,ANATOMY.LOWER_LIMB_ANATOMY.LO1,very easy,tier_prior,high,
ZYNTRA-BS-007,de630362-6638-40ba-acfe-15ec55c75fec,Anatomy,ANATOMY.LOWER_LIMB_ANATOMY,ANATOMY.LOWER_LIMB_ANATOMY.LO1,moderate,tier_prior,high,
ZYNTRA-BS-012,e8faeca2-586c-449a-ae5e-cd00c64011f8,Anatomy,ANATOMY.LOWER_LIMB_ANATOMY,ANATOMY.LOWER_LIMB_ANATOMY.LO1,hard,tier_prior,high,
ZYNTRA-BS-017,5b6e8c3c-bb96-428c-8c7e-0418f56bdfc4,Anatomy,ANATOMY.LOWER_LIMB_ANATOMY,ANATOMY.LOWER_LIMB_ANATOMY.LO1,very easy,tier_prior,high,
ZYNTRA-BS-022,cacdb882-996a-43d0-98a1-b749c78cad3a,Anatomy,ANATOMY.LOWER_LIMB_ANATOMY,ANATOMY.LOWER_LIMB_ANATOMY.LO1,very hard,tier_prior,high,
ZYNTRA-BS-003,cac25596-be88-438b-9fcd-8bf0b7ff1be0,Anatomy,ANATOMY.NECK_ANATOMY,ANATOMY.NECK_ANATOMY.LO1,very easy,tier_prior,high,
ZYNTRA-BS-008,1bf2e1a5-ec47-4f23-9ee4-e0ca3577b212,Anatomy,ANATOMY.NECK_ANATOMY,ANATOMY.NECK_ANATOMY.LO1,very easy,tier_prior,high,
ZYNTRA-BS-013,55e867a2-fbc3-42da-aff8-d27b4e45583c,Anatomy,ANATOMY.NECK_ANATOMY,ANATOMY.NECK_ANATOMY.LO1,very hard,tier_prior,high,
ZYNTRA-BS-018,7c79b8bb-dbed-46d2-9ac9-55cf689ef2a8,Anatomy,ANATOMY.NECK_ANATOMY,ANATOMY.NECK_ANATOMY.LO1,hard,tier_prior,high,
ZYNTRA-BS-023,f248140e-92dd-4066-ac8d-35175a4d67ff,Anatomy,ANATOMY.NECK_ANATOMY,ANATOMY.NECK_ANATOMY.LO1,easy,tier_prior,high,
ZYNTRA-BS-004,978cbe18-a268-4773-99d5-0358b9172db2,Anatomy,ANATOMY.UPPER_LIMB_ANATOMY,ANATOMY.UPPER_LIMB_ANATOMY.LO1,hard,tier_prior,low,Template wording mixes 'nerve' and muscle initiation (supraspinatus/suprascapular); confirm intended LO
ZYNTRA-BS-009,7234cd12-3c3a-44d2-946d-96a8c6eda80e,Anatomy,ANATOMY.UPPER_LIMB_ANATOMY,ANATOMY.UPPER_LIMB_ANATOMY.LO1,impossible,tier_prior,low,Template wording mixes 'nerve' and muscle initiation (supraspinatus/suprascapular); confirm intended LO
ZYNTRA-BS-014,cae34ee5-72e6-4374-b5bb-9270844f8f77,Anatomy,ANATOMY.UPPER_LIMB_ANATOMY,ANATOMY.UPPER_LIMB_ANATOMY.LO1,moderate,tier_prior,low,Template wording mixes 'nerve' and muscle initiation (supraspinatus/suprascapular); confirm intended LO
ZYNTRA-BS-019,ca7a3747-5ffd-420c-9fd4-47eb7193910c,Anatomy,ANATOMY.UPPER_LIMB_ANATOMY,ANATOMY.UPPER_LIMB_ANATOMY.LO1,impossible,tier_prior,low,Template wording mixes 'nerve' and muscle initiation (supraspinatus/suprascapular); confirm intended LO
ZYNTRA-BS-024,59126045-509e-4b18-8310-ab5c4a952d5f,Anatomy,ANATOMY.UPPER_LIMB_ANATOMY,ANATOMY.UPPER_LIMB_ANATOMY.LO1,very easy,tier_prior,low,Template wording mixes 'nerve' and muscle initiation (supraspinatus/suprascapular); confirm intended LO
ZYNTRA-BS-005,8f3e7840-5de0-427d-8aae-129b59c799bd,Anatomy,ANATOMY.NEUROANATOMY,ANATOMY.NEUROANATOMY.LO1,very hard,tier_prior,high,
ZYNTRA-BS-010,2e25e4b9-bd0e-46a0-97c1-90dfd4086b28,Anatomy,ANATOMY.NEUROANATOMY,ANATOMY.NEUROANATOMY.LO1,easy,tier_prior,high,
ZYNTRA-BS-015,2420da1d-8283-498a-9941-547ad3e97201,Anatomy,ANATOMY.NEUROANATOMY,ANATOMY.NEUROANATOMY.LO1,impossible,tier_prior,high,
ZYNTRA-BS-020,a64b3edb-1e1f-4bd4-bb4e-c96b8abe17c8,Anatomy,ANATOMY.NEUROANATOMY,ANATOMY.NEUROANATOMY.LO1,very hard,tier_prior,high,
ZYNTRA-BS-025,cfb90a84-1c77-444b-aaed-7821a7cddc6f,Anatomy,ANATOMY.NEUROANATOMY,ANATOMY.NEUROANATOMY.LO1,easy,tier_prior,high,
ZYNTRA-BS-026,4825304c-d893-4908-8e70-542d4d68961a,Physiology,PHYSIOLOGY.CARDIOVASCULAR_PHYSIOLOGY,PHYSIOLOGY.CARDIOVASCULAR_PHYSIOLOGY.LO1,very easy,tier_prior,high,
ZYNTRA-BS-031,2ed9ce6e-b193-4720-8260-822a776055ac,Physiology,PHYSIOLOGY.CARDIOVASCULAR_PHYSIOLOGY,PHYSIOLOGY.CARDIOVASCULAR_PHYSIOLOGY.LO1,very easy,tier_prior,high,
ZYNTRA-BS-036,03296cad-dc25-4b22-8284-4ea429071beb,Physiology,PHYSIOLOGY.CARDIOVASCULAR_PHYSIOLOGY,PHYSIOLOGY.CARDIOVASCULAR_PHYSIOLOGY.LO1,impossible,tier_prior,high,
ZYNTRA-BS-041,330d6f72-51a3-4c4b-841e-7fa55ba519fe,Physiology,PHYSIOLOGY.CARDIOVASCULAR_PHYSIOLOGY,PHYSIOLOGY.CARDIOVASCULAR_PHYSIOLOGY.LO1,moderate,tier_prior,high,
ZYNTRA-BS-046,b9b4245e-c7f9-495a-a505-ee127cc957c3,Physiology,PHYSIOLOGY.CARDIOVASCULAR_PHYSIOLOGY,PHYSIOLOGY.CARDIOVASCULAR_PHYSIOLOGY.LO1,very hard,tier_prior,high,
ZYNTRA-BS-027,fa0e0bcc-7c2c-4dfa-b726-93f3f3a8013f,Physiology,PHYSIOLOGY.RESPIRATORY_PHYSIOLOGY,PHYSIOLOGY.RESPIRATORY_PHYSIOLOGY.LO1,very hard,tier_prior,high,
ZYNTRA-BS-032,5a4260bf-e69b-4de4-b5db-72eee3ab716b,Physiology,PHYSIOLOGY.RESPIRATORY_PHYSIOLOGY,PHYSIOLOGY.RESPIRATORY_PHYSIOLOGY.LO1,impossible,tier_prior,high,
ZYNTRA-BS-037,481fc2fb-2daf-4926-95df-9a5384aa87af,Physiology,PHYSIOLOGY.RESPIRATORY_PHYSIOLOGY,PHYSIOLOGY.RESPIRATORY_PHYSIOLOGY.LO1,hard,tier_prior,high,
ZYNTRA-BS-042,dc84e4aa-bb25-485d-9d31-264deea24231,Physiology,PHYSIOLOGY.RESPIRATORY_PHYSIOLOGY,PHYSIOLOGY.RESPIRATORY_PHYSIOLOGY.LO1,hard,tier_prior,high,
ZYNTRA-BS-047,001b9b8c-f62e-497f-9319-d4da44e3df9d,Physiology,PHYSIOLOGY.RESPIRATORY_PHYSIOLOGY,PHYSIOLOGY.RESPIRATORY_PHYSIOLOGY.LO1,very easy,tier_prior,high,
ZYNTRA-BS-028,e36063bd-9011-44c6-9b47-185dc48dee82,Physiology,PHYSIOLOGY.RENAL_PHYSIOLOGY,PHYSIOLOGY.RENAL_PHYSIOLOGY.LO1,hard,tier_prior,high,
ZYNTRA-BS-033,66673273-7103-4bb3-bbc4-c52f43bc3330,Physiology,PHYSIOLOGY.RENAL_PHYSIOLOGY,PHYSIOLOGY.RENAL_PHYSIOLOGY.LO1,very easy,tier_prior,high,
ZYNTRA-BS-038,7b7e9274-0153-43f5-ac58-0661be24c2d9,Physiology,PHYSIOLOGY.RENAL_PHYSIOLOGY,PHYSIOLOGY.RENAL_PHYSIOLOGY.LO1,very hard,tier_prior,high,
ZYNTRA-BS-043,a18ebdb7-0888-4ce7-9631-9bd81b387d2b,Physiology,PHYSIOLOGY.RENAL_PHYSIOLOGY,PHYSIOLOGY.RENAL_PHYSIOLOGY.LO1,easy,tier_prior,high,
ZYNTRA-BS-048,93a3d893-9583-401c-b3e2-edcabf5501b0,Physiology,PHYSIOLOGY.RENAL_PHYSIOLOGY,PHYSIOLOGY.RENAL_PHYSIOLOGY.LO1,impossible,tier_prior,high,
ZYNTRA-BS-029,0184069e-61cc-4765-b640-3fb5b8c19b0b,Physiology,PHYSIOLOGY.ACID_BASE_PHYSIOLOGY,PHYSIOLOGY.ACID_BASE_PHYSIOLOGY.LO1,impossible,tier_prior,high,
ZYNTRA-BS-034,4efa97d8-74df-4624-881f-c2fa28a6a466,Physiology,PHYSIOLOGY.ACID_BASE_PHYSIOLOGY,PHYSIOLOGY.ACID_BASE_PHYSIOLOGY.LO1,moderate,tier_prior,high,
ZYNTRA-BS-039,1d66c58d-92ad-4c2b-9dc6-6a90bd177196,Physiology,PHYSIOLOGY.ACID_BASE_PHYSIOLOGY,PHYSIOLOGY.ACID_BASE_PHYSIOLOGY.LO1,impossible,tier_prior,high,
ZYNTRA-BS-044,d2892270-8ac7-4296-add0-1c8a37839de6,Physiology,PHYSIOLOGY.ACID_BASE_PHYSIOLOGY,PHYSIOLOGY.ACID_BASE_PHYSIOLOGY.LO1,easy,tier_prior,high,
ZYNTRA-BS-049,2ce6e163-a919-4974-9218-3767f5b3aebe,Physiology,PHYSIOLOGY.ACID_BASE_PHYSIOLOGY,PHYSIOLOGY.ACID_BASE_PHYSIOLOGY.LO1,very hard,tier_prior,high,
ZYNTRA-BS-030,83753d1d-7e54-4368-ac20-5b053f0051a6,Physiology,PHYSIOLOGY.ENDOCRINE_PHYSIOLOGY,PHYSIOLOGY.ENDOCRINE_PHYSIOLOGY.LO1,impossible,tier_prior,high,
ZYNTRA-BS-035,5f889740-f01d-4964-994b-8f7fe50c4fec,Physiology,PHYSIOLOGY.ENDOCRINE_PHYSIOLOGY,PHYSIOLOGY.ENDOCRINE_PHYSIOLOGY.LO1,moderate,tier_prior,high,
ZYNTRA-BS-040,891217ee-9c8e-4f25-a2ed-637624ae653c,Physiology,PHYSIOLOGY.ENDOCRINE_PHYSIOLOGY,PHYSIOLOGY.ENDOCRINE_PHYSIOLOGY.LO1,very hard,tier_prior,high,
ZYNTRA-BS-045,b8784c5a-75a5-49c5-95dc-0c748461eb82,Physiology,PHYSIOLOGY.ENDOCRINE_PHYSIOLOGY,PHYSIOLOGY.ENDOCRINE_PHYSIOLOGY.LO1,impossible,tier_prior,high,
ZYNTRA-BS-050,ae93d69c-9924-46b9-966c-ab418a234913,Physiology,PHYSIOLOGY.ENDOCRINE_PHYSIOLOGY,PHYSIOLOGY.ENDOCRINE_PHYSIOLOGY.LO1,moderate,tier_prior,high,
ZYNTRA-BS-051,d260521c-06b5-42e0-a8ad-e00c96eea5ef,Biochemistry,BIOCHEMISTRY.HEPATIC_BIOCHEMISTRY,BIOCHEMISTRY.HEPATIC_BIOCHEMISTRY.LO1,easy,tier_prior,high,
ZYNTRA-BS-056,0a7f1c19-7742-4ba2-96cd-084ba1f1a1ac,Biochemistry,BIOCHEMISTRY.HEPATIC_BIOCHEMISTRY,BIOCHEMISTRY.HEPATIC_BIOCHEMISTRY.LO1,very hard,tier_prior,high,
ZYNTRA-BS-061,dc87733f-30f3-4860-ac00-5408997f83e0,Biochemistry,BIOCHEMISTRY.HEPATIC_BIOCHEMISTRY,BIOCHEMISTRY.HEPATIC_BIOCHEMISTRY.LO1,impossible,tier_prior,high,
ZYNTRA-BS-066,59497420-e6a7-4e65-945d-da2ae3bad88c,Biochemistry,BIOCHEMISTRY.HEPATIC_BIOCHEMISTRY,BIOCHEMISTRY.HEPATIC_BIOCHEMISTRY.LO1,impossible,tier_prior,high,
ZYNTRA-BS-071,b3a6df7a-215e-4cb6-800c-3e00eeb59d8c,Biochemistry,BIOCHEMISTRY.HEPATIC_BIOCHEMISTRY,BIOCHEMISTRY.HEPATIC_BIOCHEMISTRY.LO1,very hard,tier_prior,high,
ZYNTRA-BS-052,ac4f0c1b-5372-4a3f-96f2-895eb12f946b,Biochemistry,BIOCHEMISTRY.METABOLIC_BIOCHEMISTRY,BIOCHEMISTRY.METABOLIC_BIOCHEMISTRY.LO1,moderate,tier_prior,high,
ZYNTRA-BS-057,f91194dc-3705-47c5-a168-1a2232f80b3d,Biochemistry,BIOCHEMISTRY.METABOLIC_BIOCHEMISTRY,BIOCHEMISTRY.METABOLIC_BIOCHEMISTRY.LO1,very hard,tier_prior,high,
ZYNTRA-BS-062,ec3ee3dd-99d9-4c46-9444-c90506f985e2,Biochemistry,BIOCHEMISTRY.METABOLIC_BIOCHEMISTRY,BIOCHEMISTRY.METABOLIC_BIOCHEMISTRY.LO1,easy,tier_prior,high,
ZYNTRA-BS-067,d8f7f208-f31f-49fa-9cd9-b92b77e8743b,Biochemistry,BIOCHEMISTRY.METABOLIC_BIOCHEMISTRY,BIOCHEMISTRY.METABOLIC_BIOCHEMISTRY.LO1,very hard,tier_prior,high,
ZYNTRA-BS-072,a11cfafe-3131-48f0-9c00-691a34c34bb2,Biochemistry,BIOCHEMISTRY.METABOLIC_BIOCHEMISTRY,BIOCHEMISTRY.METABOLIC_BIOCHEMISTRY.LO1,impossible,tier_prior,high,
ZYNTRA-BS-053,215728b4-5f9f-454e-bb78-0067b4a6c7bb,Biochemistry,BIOCHEMISTRY.MITOCHONDRIAL_METABOLISM,BIOCHEMISTRY.MITOCHONDRIAL_METABOLISM.LO1,very hard,tier_prior,low,Overlaps Vitamin biochemistry (thiamine -> lactic acidosis) and Mitochondrial genetics; confirm whether these are one LO or prerequisite-linked
ZYNTRA-BS-058,e520486a-8f3d-4f04-9649-6582b74f77be,Biochemistry,BIOCHEMISTRY.MITOCHONDRIAL_METABOLISM,BIOCHEMISTRY.MITOCHONDRIAL_METABOLISM.LO1,very easy,tier_prior,low,Overlaps Vitamin biochemistry (thiamine -> lactic acidosis) and Mitochondrial genetics; confirm whether these are one LO or prerequisite-linked
ZYNTRA-BS-063,89eb4bdf-5c0f-4e72-a0ee-5dea84cae526,Biochemistry,BIOCHEMISTRY.MITOCHONDRIAL_METABOLISM,BIOCHEMISTRY.MITOCHONDRIAL_METABOLISM.LO1,very easy,tier_prior,low,Overlaps Vitamin biochemistry (thiamine -> lactic acidosis) and Mitochondrial genetics; confirm whether these are one LO or prerequisite-linked
ZYNTRA-BS-068,4cb7992f-cecd-4581-9e1c-8ea019694aa8,Biochemistry,BIOCHEMISTRY.MITOCHONDRIAL_METABOLISM,BIOCHEMISTRY.MITOCHONDRIAL_METABOLISM.LO1,easy,tier_prior,low,Overlaps Vitamin biochemistry (thiamine -> lactic acidosis) and Mitochondrial genetics; confirm whether these are one LO or prerequisite-linked
ZYNTRA-BS-073,33153a13-d093-4bf6-bae2-bb880fad08e7,Biochemistry,BIOCHEMISTRY.MITOCHONDRIAL_METABOLISM,BIOCHEMISTRY.MITOCHONDRIAL_METABOLISM.LO1,very hard,tier_prior,low,Overlaps Vitamin biochemistry (thiamine -> lactic acidosis) and Mitochondrial genetics; confirm whether these are one LO or prerequisite-linked
ZYNTRA-BS-054,78562733-51e5-4fdd-9df4-6c425a13f2d2,Biochemistry,BIOCHEMISTRY.ENERGY_METABOLISM,BIOCHEMISTRY.ENERGY_METABOLISM.LO1,moderate,tier_prior,high,
ZYNTRA-BS-059,41e4d002-b2c0-4eb1-b78c-7becbd687a83,Biochemistry,BIOCHEMISTRY.ENERGY_METABOLISM,BIOCHEMISTRY.ENERGY_METABOLISM.LO1,impossible,tier_prior,high,
ZYNTRA-BS-064,8431e73e-0a0a-4435-82f8-5702ec70b8be,Biochemistry,BIOCHEMISTRY.ENERGY_METABOLISM,BIOCHEMISTRY.ENERGY_METABOLISM.LO1,impossible,tier_prior,high,
ZYNTRA-BS-069,0da5c9f0-aeb6-47d2-9396-22063783159d,Biochemistry,BIOCHEMISTRY.ENERGY_METABOLISM,BIOCHEMISTRY.ENERGY_METABOLISM.LO1,moderate,tier_prior,high,
ZYNTRA-BS-074,02efe69b-6b9a-46ac-877f-f8325fe03cdb,Biochemistry,BIOCHEMISTRY.ENERGY_METABOLISM,BIOCHEMISTRY.ENERGY_METABOLISM.LO1,very easy,tier_prior,high,
ZYNTRA-BS-055,1a29c6d4-b2f2-412b-a9f9-d20de5dd509d,Biochemistry,BIOCHEMISTRY.VITAMIN_BIOCHEMISTRY,BIOCHEMISTRY.VITAMIN_BIOCHEMISTRY.LO1,hard,tier_prior,low,Overlaps Mitochondrial metabolism; possible prerequisite relationship
ZYNTRA-BS-060,b21e9453-3f06-474d-a32a-8b1986e5e709,Biochemistry,BIOCHEMISTRY.VITAMIN_BIOCHEMISTRY,BIOCHEMISTRY.VITAMIN_BIOCHEMISTRY.LO1,moderate,tier_prior,low,Overlaps Mitochondrial metabolism; possible prerequisite relationship
ZYNTRA-BS-065,fa3df557-f5e1-4f47-ae20-92118b37b409,Biochemistry,BIOCHEMISTRY.VITAMIN_BIOCHEMISTRY,BIOCHEMISTRY.VITAMIN_BIOCHEMISTRY.LO1,hard,tier_prior,low,Overlaps Mitochondrial metabolism; possible prerequisite relationship
ZYNTRA-BS-070,d526e970-4937-4b19-8d39-434e48913c35,Biochemistry,BIOCHEMISTRY.VITAMIN_BIOCHEMISTRY,BIOCHEMISTRY.VITAMIN_BIOCHEMISTRY.LO1,hard,tier_prior,low,Overlaps Mitochondrial metabolism; possible prerequisite relationship
ZYNTRA-BS-075,816c8463-ab5b-48ea-8243-37b9863e235e,Biochemistry,BIOCHEMISTRY.VITAMIN_BIOCHEMISTRY,BIOCHEMISTRY.VITAMIN_BIOCHEMISTRY.LO1,impossible,tier_prior,low,Overlaps Mitochondrial metabolism; possible prerequisite relationship
ZYNTRA-BS-076,e57383ef-c6ce-4101-9153-7366d7954398,Pharmacology,PHARMACOLOGY.AUTONOMIC_PHARMACOLOGY,PHARMACOLOGY.AUTONOMIC_PHARMACOLOGY.LO1,moderate,tier_prior,high,
ZYNTRA-BS-081,2c8d5aca-5cd3-4b4f-83dc-05b6c88aaefe,Pharmacology,PHARMACOLOGY.AUTONOMIC_PHARMACOLOGY,PHARMACOLOGY.AUTONOMIC_PHARMACOLOGY.LO1,very hard,tier_prior,high,
ZYNTRA-BS-086,23bddd22-b09a-42f8-96c0-71902a70eb32,Pharmacology,PHARMACOLOGY.AUTONOMIC_PHARMACOLOGY,PHARMACOLOGY.AUTONOMIC_PHARMACOLOGY.LO1,hard,tier_prior,high,
ZYNTRA-BS-091,9c2b16cf-21e6-4f75-b99b-75dec090e6d9,Pharmacology,PHARMACOLOGY.AUTONOMIC_PHARMACOLOGY,PHARMACOLOGY.AUTONOMIC_PHARMACOLOGY.LO1,moderate,tier_prior,high,
ZYNTRA-BS-096,565616c5-172f-4e25-a093-d13af491baef,Pharmacology,PHARMACOLOGY.AUTONOMIC_PHARMACOLOGY,PHARMACOLOGY.AUTONOMIC_PHARMACOLOGY.LO1,moderate,tier_prior,high,
ZYNTRA-BS-077,5cdf7679-180a-49eb-8efb-27fef2df5105,Pharmacology,PHARMACOLOGY.RENIN_ANGIOTENSIN_PHARMACOLOGY,PHARMACOLOGY.RENIN_ANGIOTENSIN_PHARMACOLOGY.LO1,hard,tier_prior,high,
ZYNTRA-BS-082,cede02bf-35e9-41c9-b57e-7625c1f3653a,Pharmacology,PHARMACOLOGY.RENIN_ANGIOTENSIN_PHARMACOLOGY,PHARMACOLOGY.RENIN_ANGIOTENSIN_PHARMACOLOGY.LO1,easy,tier_prior,high,
ZYNTRA-BS-087,548dd7d6-ca97-43dd-866e-e5ea8eeac414,Pharmacology,PHARMACOLOGY.RENIN_ANGIOTENSIN_PHARMACOLOGY,PHARMACOLOGY.RENIN_ANGIOTENSIN_PHARMACOLOGY.LO1,easy,tier_prior,high,
ZYNTRA-BS-092,26ec2cd7-02c5-4e8e-88c0-335d75620bcb,Pharmacology,PHARMACOLOGY.RENIN_ANGIOTENSIN_PHARMACOLOGY,PHARMACOLOGY.RENIN_ANGIOTENSIN_PHARMACOLOGY.LO1,very easy,tier_prior,high,
ZYNTRA-BS-097,e0dc33bb-24c2-4f86-838a-05f4af6afedb,Pharmacology,PHARMACOLOGY.RENIN_ANGIOTENSIN_PHARMACOLOGY,PHARMACOLOGY.RENIN_ANGIOTENSIN_PHARMACOLOGY.LO1,moderate,tier_prior,high,
ZYNTRA-BS-078,21f28205-bbea-415f-a699-e8579262c9fe,Pharmacology,PHARMACOLOGY.OPIOID_PHARMACOLOGY,PHARMACOLOGY.OPIOID_PHARMACOLOGY.LO1,very hard,tier_prior,high,
ZYNTRA-BS-083,aa3ec79b-f209-492a-9895-977001cea854,Pharmacology,PHARMACOLOGY.OPIOID_PHARMACOLOGY,PHARMACOLOGY.OPIOID_PHARMACOLOGY.LO1,impossible,tier_prior,high,
ZYNTRA-BS-088,52253c99-b43d-467b-9b74-8c3184dc9f01,Pharmacology,PHARMACOLOGY.OPIOID_PHARMACOLOGY,PHARMACOLOGY.OPIOID_PHARMACOLOGY.LO1,very hard,tier_prior,high,
ZYNTRA-BS-093,aba6d357-9185-43a9-9959-7bbcd532b84f,Pharmacology,PHARMACOLOGY.OPIOID_PHARMACOLOGY,PHARMACOLOGY.OPIOID_PHARMACOLOGY.LO1,impossible,tier_prior,high,
ZYNTRA-BS-098,761ea0a6-aba1-44e6-aa84-c7a5a4a3e0c7,Pharmacology,PHARMACOLOGY.OPIOID_PHARMACOLOGY,PHARMACOLOGY.OPIOID_PHARMACOLOGY.LO1,impossible,tier_prior,high,
ZYNTRA-BS-079,730d41da-ebda-43b0-90f3-51b74b25158f,Pharmacology,PHARMACOLOGY.ANTICOAGULANT_PHARMACOLOGY,PHARMACOLOGY.ANTICOAGULANT_PHARMACOLOGY.LO1,very hard,tier_prior,high,
ZYNTRA-BS-084,42d1815c-c796-4811-bc9c-b4526e6807fa,Pharmacology,PHARMACOLOGY.ANTICOAGULANT_PHARMACOLOGY,PHARMACOLOGY.ANTICOAGULANT_PHARMACOLOGY.LO1,very easy,tier_prior,high,
ZYNTRA-BS-089,379108d9-804c-41f1-b5cd-ac5d5d77e4dd,Pharmacology,PHARMACOLOGY.ANTICOAGULANT_PHARMACOLOGY,PHARMACOLOGY.ANTICOAGULANT_PHARMACOLOGY.LO1,very easy,tier_prior,high,
ZYNTRA-BS-094,ebf5dc74-44a6-4753-9f6e-28bcb542a3c1,Pharmacology,PHARMACOLOGY.ANTICOAGULANT_PHARMACOLOGY,PHARMACOLOGY.ANTICOAGULANT_PHARMACOLOGY.LO1,hard,tier_prior,high,
ZYNTRA-BS-099,20e5e9f9-07a0-4edd-af87-d4d9cf822df6,Pharmacology,PHARMACOLOGY.ANTICOAGULANT_PHARMACOLOGY,PHARMACOLOGY.ANTICOAGULANT_PHARMACOLOGY.LO1,easy,tier_prior,high,
ZYNTRA-BS-080,8a0a943c-fe97-4db2-b2fe-d9377d110b1a,Pharmacology,PHARMACOLOGY.RENAL_PHARMACOLOGY,PHARMACOLOGY.RENAL_PHARMACOLOGY.LO1,hard,tier_prior,low,Drug class unspecified in template (ACEi/ARB/spironolactone/amiloride); confirm LO scope
ZYNTRA-BS-085,61621e08-411b-48e6-9482-8732f868a173,Pharmacology,PHARMACOLOGY.RENAL_PHARMACOLOGY,PHARMACOLOGY.RENAL_PHARMACOLOGY.LO1,hard,tier_prior,low,Drug class unspecified in template (ACEi/ARB/spironolactone/amiloride); confirm LO scope
ZYNTRA-BS-090,85f3d497-8338-423b-84ef-2768ebe62039,Pharmacology,PHARMACOLOGY.RENAL_PHARMACOLOGY,PHARMACOLOGY.RENAL_PHARMACOLOGY.LO1,very easy,tier_prior,low,Drug class unspecified in template (ACEi/ARB/spironolactone/amiloride); confirm LO scope
ZYNTRA-BS-095,dc0c1859-ff00-4e11-afa4-7443e3ca028d,Pharmacology,PHARMACOLOGY.RENAL_PHARMACOLOGY,PHARMACOLOGY.RENAL_PHARMACOLOGY.LO1,impossible,tier_prior,low,Drug class unspecified in template (ACEi/ARB/spironolactone/amiloride); confirm LO scope
ZYNTRA-BS-100,6cce3816-5241-41d8-ba65-1e4b4cfa6e0b,Pharmacology,PHARMACOLOGY.RENAL_PHARMACOLOGY,PHARMACOLOGY.RENAL_PHARMACOLOGY.LO1,moderate,tier_prior,low,Drug class unspecified in template (ACEi/ARB/spironolactone/amiloride); confirm LO scope
ZYNTRA-BS-101,bad08d25-54fa-4e4c-9806-c33ef6966915,Pathology,PATHOLOGY.INFLAMMATORY_PATHOLOGY,PATHOLOGY.INFLAMMATORY_PATHOLOGY.LO1,impossible,tier_prior,high,
ZYNTRA-BS-106,23f3bd40-2f0a-4035-bdcd-00428b28236c,Pathology,PATHOLOGY.INFLAMMATORY_PATHOLOGY,PATHOLOGY.INFLAMMATORY_PATHOLOGY.LO1,hard,tier_prior,high,
ZYNTRA-BS-111,cb60ca65-31b7-4949-bfa9-6580b4d93f11,Pathology,PATHOLOGY.INFLAMMATORY_PATHOLOGY,PATHOLOGY.INFLAMMATORY_PATHOLOGY.LO1,impossible,tier_prior,high,
ZYNTRA-BS-116,6bc184e2-5a48-421e-8799-8895488177a9,Pathology,PATHOLOGY.INFLAMMATORY_PATHOLOGY,PATHOLOGY.INFLAMMATORY_PATHOLOGY.LO1,hard,tier_prior,high,
ZYNTRA-BS-121,d29b9266-2d66-4375-8c8e-4106d9cbc4b3,Pathology,PATHOLOGY.INFLAMMATORY_PATHOLOGY,PATHOLOGY.INFLAMMATORY_PATHOLOGY.LO1,moderate,tier_prior,high,
ZYNTRA-BS-102,2e4d8f0e-ad8f-427b-89bc-7f7e7a0d7670,Pathology,PATHOLOGY.PULMONARY_PATHOLOGY,PATHOLOGY.PULMONARY_PATHOLOGY.LO1,hard,tier_prior,high,
ZYNTRA-BS-107,be0a262e-ac36-46b2-a9b1-dd09c56e4bb2,Pathology,PATHOLOGY.PULMONARY_PATHOLOGY,PATHOLOGY.PULMONARY_PATHOLOGY.LO1,impossible,tier_prior,high,
ZYNTRA-BS-112,2fffc1bc-b38e-4efe-bbff-69f0b86aa3a6,Pathology,PATHOLOGY.PULMONARY_PATHOLOGY,PATHOLOGY.PULMONARY_PATHOLOGY.LO1,very hard,tier_prior,high,
ZYNTRA-BS-117,afb21f8a-36c4-40c2-9e08-7441475b1bdc,Pathology,PATHOLOGY.PULMONARY_PATHOLOGY,PATHOLOGY.PULMONARY_PATHOLOGY.LO1,hard,tier_prior,high,
ZYNTRA-BS-122,cf48539a-64b2-4419-9624-d6601356999a,Pathology,PATHOLOGY.PULMONARY_PATHOLOGY,PATHOLOGY.PULMONARY_PATHOLOGY.LO1,impossible,tier_prior,high,
ZYNTRA-BS-103,f0d19534-cfe7-4bd2-8364-68f1ad1d2708,Pathology,PATHOLOGY.NEOPLASTIC_PATHOLOGY,PATHOLOGY.NEOPLASTIC_PATHOLOGY.LO1,impossible,tier_prior,high,
ZYNTRA-BS-108,1add5b59-f2f7-4a33-9175-9681d122b807,Pathology,PATHOLOGY.NEOPLASTIC_PATHOLOGY,PATHOLOGY.NEOPLASTIC_PATHOLOGY.LO1,moderate,tier_prior,high,
ZYNTRA-BS-113,6153f96d-5174-4d7a-b27f-f82fa7b13dce,Pathology,PATHOLOGY.NEOPLASTIC_PATHOLOGY,PATHOLOGY.NEOPLASTIC_PATHOLOGY.LO1,very hard,tier_prior,high,
ZYNTRA-BS-118,d39494ec-082c-481f-a94a-88d4563c02fc,Pathology,PATHOLOGY.NEOPLASTIC_PATHOLOGY,PATHOLOGY.NEOPLASTIC_PATHOLOGY.LO1,hard,tier_prior,high,
ZYNTRA-BS-123,393991db-4480-4e8e-987d-332b42177d0d,Pathology,PATHOLOGY.NEOPLASTIC_PATHOLOGY,PATHOLOGY.NEOPLASTIC_PATHOLOGY.LO1,impossible,tier_prior,high,
ZYNTRA-BS-104,b6578739-9425-4de5-83b0-063ff5654065,Pathology,PATHOLOGY.CELLULAR_ADAPTATION,PATHOLOGY.CELLULAR_ADAPTATION.LO1,very easy,tier_prior,high,
ZYNTRA-BS-109,ee7c115f-779e-4a6f-a2af-9395655bb9c8,Pathology,PATHOLOGY.CELLULAR_ADAPTATION,PATHOLOGY.CELLULAR_ADAPTATION.LO1,very easy,tier_prior,high,
ZYNTRA-BS-114,a0451d61-12ac-4152-8adb-e795c1c8dd85,Pathology,PATHOLOGY.CELLULAR_ADAPTATION,PATHOLOGY.CELLULAR_ADAPTATION.LO1,moderate,tier_prior,high,
ZYNTRA-BS-119,1cb6eadd-3fb4-4186-9be3-f341e11e26b8,Pathology,PATHOLOGY.CELLULAR_ADAPTATION,PATHOLOGY.CELLULAR_ADAPTATION.LO1,very easy,tier_prior,high,
ZYNTRA-BS-124,b45fee59-2018-4a75-859f-c73e022f77ad,Pathology,PATHOLOGY.CELLULAR_ADAPTATION,PATHOLOGY.CELLULAR_ADAPTATION.LO1,easy,tier_prior,high,
ZYNTRA-BS-105,2aa920f4-6053-45c5-8be8-a6b8e99aa7d1,Pathology,PATHOLOGY.CELL_INJURY,PATHOLOGY.CELL_INJURY.LO1,easy,tier_prior,low,Possible prerequisite link to Renal physiology; confirm
ZYNTRA-BS-110,01b8e40d-6084-4f44-a45b-efa998fedafe,Pathology,PATHOLOGY.CELL_INJURY,PATHOLOGY.CELL_INJURY.LO1,impossible,tier_prior,low,Possible prerequisite link to Renal physiology; confirm
ZYNTRA-BS-115,e568c144-da62-4812-b711-1ab4833444ca,Pathology,PATHOLOGY.CELL_INJURY,PATHOLOGY.CELL_INJURY.LO1,easy,tier_prior,low,Possible prerequisite link to Renal physiology; confirm
ZYNTRA-BS-120,6fb95c09-5ab8-4bd2-abdd-40ef7bd6fe70,Pathology,PATHOLOGY.CELL_INJURY,PATHOLOGY.CELL_INJURY.LO1,hard,tier_prior,low,Possible prerequisite link to Renal physiology; confirm
ZYNTRA-BS-125,91b9f57b-c1fc-4944-8fc8-abd482c8adff,Pathology,PATHOLOGY.CELL_INJURY,PATHOLOGY.CELL_INJURY.LO1,hard,tier_prior,low,Possible prerequisite link to Renal physiology; confirm
ZYNTRA-BS-126,0c41fecf-77e4-4370-9a79-4a2129289b19,Microbiology,MICROBIOLOGY.URINARY_MICROBIOLOGY,MICROBIOLOGY.URINARY_MICROBIOLOGY.LO1,very easy,tier_prior,high,
ZYNTRA-BS-131,ed1b9172-7353-4328-8ba7-31f971c40cb5,Microbiology,MICROBIOLOGY.URINARY_MICROBIOLOGY,MICROBIOLOGY.URINARY_MICROBIOLOGY.LO1,impossible,tier_prior,high,
ZYNTRA-BS-136,a7611625-0bbf-472a-bff1-d8d9212e55d7,Microbiology,MICROBIOLOGY.URINARY_MICROBIOLOGY,MICROBIOLOGY.URINARY_MICROBIOLOGY.LO1,moderate,tier_prior,high,
ZYNTRA-BS-141,e5a31ae9-b6ad-4fd6-917e-02eb78a27ff2,Microbiology,MICROBIOLOGY.URINARY_MICROBIOLOGY,MICROBIOLOGY.URINARY_MICROBIOLOGY.LO1,very hard,tier_prior,high,
ZYNTRA-BS-146,7e4de79a-db44-424a-acf5-b4da7410c673,Microbiology,MICROBIOLOGY.URINARY_MICROBIOLOGY,MICROBIOLOGY.URINARY_MICROBIOLOGY.LO1,moderate,tier_prior,high,
ZYNTRA-BS-127,af6c590c-2f3e-405d-89e8-0ff4c25f0b2c,Microbiology,MICROBIOLOGY.RESPIRATORY_MICROBIOLOGY,MICROBIOLOGY.RESPIRATORY_MICROBIOLOGY.LO1,impossible,tier_prior,high,
ZYNTRA-BS-132,9eebc7aa-8820-404a-8e34-22b663999500,Microbiology,MICROBIOLOGY.RESPIRATORY_MICROBIOLOGY,MICROBIOLOGY.RESPIRATORY_MICROBIOLOGY.LO1,easy,tier_prior,high,
ZYNTRA-BS-137,ffaba619-56fa-40e2-b40d-59959e5bcd51,Microbiology,MICROBIOLOGY.RESPIRATORY_MICROBIOLOGY,MICROBIOLOGY.RESPIRATORY_MICROBIOLOGY.LO1,very hard,tier_prior,high,
ZYNTRA-BS-142,1050a3ea-3ad6-4e63-83cb-947c52e2639d,Microbiology,MICROBIOLOGY.RESPIRATORY_MICROBIOLOGY,MICROBIOLOGY.RESPIRATORY_MICROBIOLOGY.LO1,impossible,tier_prior,high,
ZYNTRA-BS-147,b115a76a-07ea-4520-978e-c58b71d7f080,Microbiology,MICROBIOLOGY.RESPIRATORY_MICROBIOLOGY,MICROBIOLOGY.RESPIRATORY_MICROBIOLOGY.LO1,impossible,tier_prior,high,
ZYNTRA-BS-128,01d771e4-a389-4930-bb17-1bd7cfcdb87e,Microbiology,MICROBIOLOGY.GASTROINTESTINAL_MICROBIOLOGY,MICROBIOLOGY.GASTROINTESTINAL_MICROBIOLOGY.LO1,easy,tier_prior,high,
ZYNTRA-BS-133,442edd9d-9c75-4ea3-a7a2-defc836f67e4,Microbiology,MICROBIOLOGY.GASTROINTESTINAL_MICROBIOLOGY,MICROBIOLOGY.GASTROINTESTINAL_MICROBIOLOGY.LO1,moderate,tier_prior,high,
ZYNTRA-BS-138,4a463aae-34a9-42e0-ba47-fd1f6ef3920d,Microbiology,MICROBIOLOGY.GASTROINTESTINAL_MICROBIOLOGY,MICROBIOLOGY.GASTROINTESTINAL_MICROBIOLOGY.LO1,easy,tier_prior,high,
ZYNTRA-BS-143,2d5d506e-d2e5-4fe2-ba5c-314e9df1c2cd,Microbiology,MICROBIOLOGY.GASTROINTESTINAL_MICROBIOLOGY,MICROBIOLOGY.GASTROINTESTINAL_MICROBIOLOGY.LO1,impossible,tier_prior,high,
ZYNTRA-BS-148,3eff4207-de4f-4a35-9bcc-a6a51e5ddf57,Microbiology,MICROBIOLOGY.GASTROINTESTINAL_MICROBIOLOGY,MICROBIOLOGY.GASTROINTESTINAL_MICROBIOLOGY.LO1,easy,tier_prior,high,
ZYNTRA-BS-129,dbee2f56-3ef7-4a08-98f2-f70b26191c85,Microbiology,MICROBIOLOGY.CNS_MICROBIOLOGY,MICROBIOLOGY.CNS_MICROBIOLOGY.LO1,very easy,tier_prior,low,Template states the diagnosis in the stem (answer cue); item-quality review
ZYNTRA-BS-134,076ffa70-ec6d-4d67-8629-8d326e269f67,Microbiology,MICROBIOLOGY.CNS_MICROBIOLOGY,MICROBIOLOGY.CNS_MICROBIOLOGY.LO1,very easy,tier_prior,low,Template states the diagnosis in the stem (answer cue); item-quality review
ZYNTRA-BS-139,4500a664-ebb2-4a59-bde3-2ffb5795a954,Microbiology,MICROBIOLOGY.CNS_MICROBIOLOGY,MICROBIOLOGY.CNS_MICROBIOLOGY.LO1,impossible,tier_prior,low,Template states the diagnosis in the stem (answer cue); item-quality review
ZYNTRA-BS-144,5a57e881-5b6d-4361-a035-2fb0ecc9ed70,Microbiology,MICROBIOLOGY.CNS_MICROBIOLOGY,MICROBIOLOGY.CNS_MICROBIOLOGY.LO1,hard,tier_prior,low,Template states the diagnosis in the stem (answer cue); item-quality review
ZYNTRA-BS-149,47f452a2-8bec-4795-832e-319928b0f5d9,Microbiology,MICROBIOLOGY.CNS_MICROBIOLOGY,MICROBIOLOGY.CNS_MICROBIOLOGY.LO1,impossible,tier_prior,low,Template states the diagnosis in the stem (answer cue); item-quality review
ZYNTRA-BS-130,9b23b222-1b05-4f63-a292-71d2d1cd09d4,Microbiology,MICROBIOLOGY.FUNGAL_HOST_DEFENCE,MICROBIOLOGY.FUNGAL_HOST_DEFENCE.LO1,easy,tier_prior,low,Overlaps Immunology > Cell-mediated immunity; confirm concept placement
ZYNTRA-BS-135,1dfa059b-1bd1-4ae0-a85c-580055cd393e,Microbiology,MICROBIOLOGY.FUNGAL_HOST_DEFENCE,MICROBIOLOGY.FUNGAL_HOST_DEFENCE.LO1,very hard,tier_prior,low,Overlaps Immunology > Cell-mediated immunity; confirm concept placement
ZYNTRA-BS-140,52ae0f11-f5fe-4a75-817a-e9b3c447b3de,Microbiology,MICROBIOLOGY.FUNGAL_HOST_DEFENCE,MICROBIOLOGY.FUNGAL_HOST_DEFENCE.LO1,easy,tier_prior,low,Overlaps Immunology > Cell-mediated immunity; confirm concept placement
ZYNTRA-BS-145,5f8de5e2-7e13-4fb4-beb8-d274530e07b6,Microbiology,MICROBIOLOGY.FUNGAL_HOST_DEFENCE,MICROBIOLOGY.FUNGAL_HOST_DEFENCE.LO1,impossible,tier_prior,low,Overlaps Immunology > Cell-mediated immunity; confirm concept placement
ZYNTRA-BS-150,b7d44310-fd52-4b49-b1b5-2c92f4d79f89,Microbiology,MICROBIOLOGY.FUNGAL_HOST_DEFENCE,MICROBIOLOGY.FUNGAL_HOST_DEFENCE.LO1,hard,tier_prior,low,Overlaps Immunology > Cell-mediated immunity; confirm concept placement
ZYNTRA-BS-151,3f3cf4cb-7824-4de5-98c0-4a74a8ca2022,Immunology,IMMUNOLOGY.HYPERSENSITIVITY,IMMUNOLOGY.HYPERSENSITIVITY.LO1,very hard,tier_prior,high,
ZYNTRA-BS-156,3d82df77-7c02-4bc9-89ae-29dced0db72a,Immunology,IMMUNOLOGY.HYPERSENSITIVITY,IMMUNOLOGY.HYPERSENSITIVITY.LO1,hard,tier_prior,high,
ZYNTRA-BS-161,a5fa2b15-ba83-4539-a211-768eebc716d4,Immunology,IMMUNOLOGY.HYPERSENSITIVITY,IMMUNOLOGY.HYPERSENSITIVITY.LO1,impossible,tier_prior,high,
ZYNTRA-BS-166,d6180049-6d07-490f-9c45-c8c262d57885,Immunology,IMMUNOLOGY.HYPERSENSITIVITY,IMMUNOLOGY.HYPERSENSITIVITY.LO1,easy,tier_prior,high,
ZYNTRA-BS-171,366c5035-0733-47b7-b95a-b0c0827ac526,Immunology,IMMUNOLOGY.HYPERSENSITIVITY,IMMUNOLOGY.HYPERSENSITIVITY.LO1,very easy,tier_prior,high,
ZYNTRA-BS-152,752f1c7c-e2d5-4862-a1e4-f883c6a61eb6,Immunology,IMMUNOLOGY.HUMORAL_IMMUNITY,IMMUNOLOGY.HUMORAL_IMMUNITY.LO1,very hard,tier_prior,high,
ZYNTRA-BS-157,8bdd6dc0-ba61-4684-ab83-ee165ab0a2c8,Immunology,IMMUNOLOGY.HUMORAL_IMMUNITY,IMMUNOLOGY.HUMORAL_IMMUNITY.LO1,very easy,tier_prior,high,
ZYNTRA-BS-162,ab65ae37-25fb-40ed-a5d5-854c370a4bd6,Immunology,IMMUNOLOGY.HUMORAL_IMMUNITY,IMMUNOLOGY.HUMORAL_IMMUNITY.LO1,easy,tier_prior,high,
ZYNTRA-BS-167,2ef031e5-516c-495e-b3d7-d68e76c6628a,Immunology,IMMUNOLOGY.HUMORAL_IMMUNITY,IMMUNOLOGY.HUMORAL_IMMUNITY.LO1,very hard,tier_prior,high,
ZYNTRA-BS-172,36f71bf6-f117-438d-b6c9-598f72247cdb,Immunology,IMMUNOLOGY.HUMORAL_IMMUNITY,IMMUNOLOGY.HUMORAL_IMMUNITY.LO1,moderate,tier_prior,high,
ZYNTRA-BS-153,3b6c9f0d-b0b8-49ad-ba2e-268c6cc505f5,Immunology,IMMUNOLOGY.TRANSPLANT_IMMUNOLOGY,IMMUNOLOGY.TRANSPLANT_IMMUNOLOGY.LO1,impossible,tier_prior,high,
ZYNTRA-BS-158,84a5a407-ee53-4242-95d8-a1be8e5e58f1,Immunology,IMMUNOLOGY.TRANSPLANT_IMMUNOLOGY,IMMUNOLOGY.TRANSPLANT_IMMUNOLOGY.LO1,impossible,tier_prior,high,
ZYNTRA-BS-163,0a6355f2-bb8a-4de5-b006-01faf416c160,Immunology,IMMUNOLOGY.TRANSPLANT_IMMUNOLOGY,IMMUNOLOGY.TRANSPLANT_IMMUNOLOGY.LO1,very hard,tier_prior,high,
ZYNTRA-BS-168,42d314c2-13cf-4a7c-b0d1-61850c162034,Immunology,IMMUNOLOGY.TRANSPLANT_IMMUNOLOGY,IMMUNOLOGY.TRANSPLANT_IMMUNOLOGY.LO1,moderate,tier_prior,high,
ZYNTRA-BS-173,4140d2c5-7ec3-46f5-924a-5de600e3410f,Immunology,IMMUNOLOGY.TRANSPLANT_IMMUNOLOGY,IMMUNOLOGY.TRANSPLANT_IMMUNOLOGY.LO1,hard,tier_prior,high,
ZYNTRA-BS-154,a98ec4ae-995b-42cc-98a7-9add80fb701b,Immunology,IMMUNOLOGY.IMMUNE_COMPLEX_DISEASE,IMMUNOLOGY.IMMUNE_COMPLEX_DISEASE.LO1,moderate,tier_prior,high,
ZYNTRA-BS-159,70ce6550-00a2-4db7-993b-67875fcc45eb,Immunology,IMMUNOLOGY.IMMUNE_COMPLEX_DISEASE,IMMUNOLOGY.IMMUNE_COMPLEX_DISEASE.LO1,impossible,tier_prior,high,
ZYNTRA-BS-164,e97ca23e-6a91-40b3-b72e-7adcc8cb4dbf,Immunology,IMMUNOLOGY.IMMUNE_COMPLEX_DISEASE,IMMUNOLOGY.IMMUNE_COMPLEX_DISEASE.LO1,impossible,tier_prior,high,
ZYNTRA-BS-169,49734498-760f-4673-9073-19123218cafd,Immunology,IMMUNOLOGY.IMMUNE_COMPLEX_DISEASE,IMMUNOLOGY.IMMUNE_COMPLEX_DISEASE.LO1,very easy,tier_prior,high,
ZYNTRA-BS-174,de70881e-5f18-4469-8e00-eb53f5efaaa0,Immunology,IMMUNOLOGY.IMMUNE_COMPLEX_DISEASE,IMMUNOLOGY.IMMUNE_COMPLEX_DISEASE.LO1,hard,tier_prior,high,
ZYNTRA-BS-155,629ad257-7217-4863-bcab-11eb6d1d0617,Immunology,IMMUNOLOGY.CELL_MEDIATED_IMMUNITY,IMMUNOLOGY.CELL_MEDIATED_IMMUNITY.LO1,easy,tier_prior,high,
ZYNTRA-BS-160,c5afd1c5-6659-48a2-8e18-64a3e15febe7,Immunology,IMMUNOLOGY.CELL_MEDIATED_IMMUNITY,IMMUNOLOGY.CELL_MEDIATED_IMMUNITY.LO1,moderate,tier_prior,high,
ZYNTRA-BS-165,38ff1b82-310f-49dc-9b8a-399cac77e6b6,Immunology,IMMUNOLOGY.CELL_MEDIATED_IMMUNITY,IMMUNOLOGY.CELL_MEDIATED_IMMUNITY.LO1,very easy,tier_prior,high,
ZYNTRA-BS-170,d9e67c89-27a9-42b0-a96f-4ccd4f8ee895,Immunology,IMMUNOLOGY.CELL_MEDIATED_IMMUNITY,IMMUNOLOGY.CELL_MEDIATED_IMMUNITY.LO1,impossible,tier_prior,high,
ZYNTRA-BS-175,959340a3-3022-4e85-b89e-c4a0fae06ec3,Immunology,IMMUNOLOGY.CELL_MEDIATED_IMMUNITY,IMMUNOLOGY.CELL_MEDIATED_IMMUNITY.LO1,moderate,tier_prior,high,
ZYNTRA-BS-176,6867c5b0-c81a-421b-b4ff-475b780b5fbb,Genetics,GENETICS.CHROMOSOMAL_GENETICS,GENETICS.CHROMOSOMAL_GENETICS.LO1,easy,tier_prior,high,
ZYNTRA-BS-181,69931bee-ca11-449b-8b66-56df941f693e,Genetics,GENETICS.CHROMOSOMAL_GENETICS,GENETICS.CHROMOSOMAL_GENETICS.LO1,easy,tier_prior,high,
ZYNTRA-BS-186,d3d360f5-41b0-4106-bd09-d256c9b51de0,Genetics,GENETICS.CHROMOSOMAL_GENETICS,GENETICS.CHROMOSOMAL_GENETICS.LO1,hard,tier_prior,high,
ZYNTRA-BS-191,99ff3453-27fb-4e04-be69-9340204f7838,Genetics,GENETICS.CHROMOSOMAL_GENETICS,GENETICS.CHROMOSOMAL_GENETICS.LO1,very hard,tier_prior,high,
ZYNTRA-BS-196,8725f9ca-86fa-473a-ba01-7636b8fc51e2,Genetics,GENETICS.CHROMOSOMAL_GENETICS,GENETICS.CHROMOSOMAL_GENETICS.LO1,hard,tier_prior,high,
ZYNTRA-BS-177,51b78333-daf4-40c3-8524-a17fe6978bda,Genetics,GENETICS.INHERITANCE,GENETICS.INHERITANCE.LO1,moderate,tier_prior,high,
ZYNTRA-BS-182,61c2e945-c465-4abd-a296-0168a1fe7936,Genetics,GENETICS.INHERITANCE,GENETICS.INHERITANCE.LO1,easy,tier_prior,high,
ZYNTRA-BS-187,10539508-8602-4364-8551-eb2cb174cff9,Genetics,GENETICS.INHERITANCE,GENETICS.INHERITANCE.LO1,easy,tier_prior,high,
ZYNTRA-BS-192,6291669a-35b5-44b8-b139-9524d3f9a7bc,Genetics,GENETICS.INHERITANCE,GENETICS.INHERITANCE.LO1,moderate,tier_prior,high,
ZYNTRA-BS-197,2f5c312a-54a4-44e1-8a44-41873e7b8c51,Genetics,GENETICS.INHERITANCE,GENETICS.INHERITANCE.LO1,easy,tier_prior,high,
ZYNTRA-BS-178,92fb8f6c-e5bd-4809-918c-3e32397020ed,Genetics,GENETICS.MOLECULAR_GENETICS,GENETICS.MOLECULAR_GENETICS.LO1,very easy,tier_prior,high,
ZYNTRA-BS-183,1e3a9431-12c2-46a5-85d7-f8535cff6f5e,Genetics,GENETICS.MOLECULAR_GENETICS,GENETICS.MOLECULAR_GENETICS.LO1,impossible,tier_prior,high,
ZYNTRA-BS-188,c88b1f63-5601-428b-9395-a224749fa669,Genetics,GENETICS.MOLECULAR_GENETICS,GENETICS.MOLECULAR_GENETICS.LO1,very hard,tier_prior,high,
ZYNTRA-BS-193,d7456294-1bb9-4578-bb06-6da5c9db845a,Genetics,GENETICS.MOLECULAR_GENETICS,GENETICS.MOLECULAR_GENETICS.LO1,very easy,tier_prior,high,
ZYNTRA-BS-198,23082d3c-b40c-4e07-a824-39237ec46f4f,Genetics,GENETICS.MOLECULAR_GENETICS,GENETICS.MOLECULAR_GENETICS.LO1,impossible,tier_prior,high,
ZYNTRA-BS-179,423ab2e8-c1d4-4af1-a876-62f95e959ca1,Genetics,GENETICS.DEVELOPMENTAL_GENETICS,GENETICS.DEVELOPMENTAL_GENETICS.LO1,impossible,tier_prior,high,
ZYNTRA-BS-184,9f633158-37df-446c-8e26-c14ae1f6a78b,Genetics,GENETICS.DEVELOPMENTAL_GENETICS,GENETICS.DEVELOPMENTAL_GENETICS.LO1,easy,tier_prior,high,
ZYNTRA-BS-189,26bb7cc7-7c2c-4c03-a21b-19743c42b385,Genetics,GENETICS.DEVELOPMENTAL_GENETICS,GENETICS.DEVELOPMENTAL_GENETICS.LO1,very easy,tier_prior,high,
ZYNTRA-BS-194,fa494903-a82d-4c8e-acf1-ffba303eb8f3,Genetics,GENETICS.DEVELOPMENTAL_GENETICS,GENETICS.DEVELOPMENTAL_GENETICS.LO1,hard,tier_prior,high,
ZYNTRA-BS-199,afb7873e-f27d-4f72-b26d-9f38550425c0,Genetics,GENETICS.DEVELOPMENTAL_GENETICS,GENETICS.DEVELOPMENTAL_GENETICS.LO1,impossible,tier_prior,high,
ZYNTRA-BS-180,e79c29b5-4bb5-43be-a9e9-c663c1a6d0d7,Genetics,GENETICS.MITOCHONDRIAL_GENETICS,GENETICS.MITOCHONDRIAL_GENETICS.LO1,impossible,tier_prior,high,
ZYNTRA-BS-185,d65b2ab2-de81-4323-8f5f-aac42ecd9a34,Genetics,GENETICS.MITOCHONDRIAL_GENETICS,GENETICS.MITOCHONDRIAL_GENETICS.LO1,hard,tier_prior,high,
ZYNTRA-BS-190,96d7ce5b-a17c-4e6e-9954-4e9a48cf2054,Genetics,GENETICS.MITOCHONDRIAL_GENETICS,GENETICS.MITOCHONDRIAL_GENETICS.LO1,impossible,tier_prior,high,
ZYNTRA-BS-195,9b6db5e7-5502-4bda-97c6-36d145ba126e,Genetics,GENETICS.MITOCHONDRIAL_GENETICS,GENETICS.MITOCHONDRIAL_GENETICS.LO1,hard,tier_prior,high,
ZYNTRA-BS-200,496a1e17-42bf-4ffe-be52-6303f4149e05,Genetics,GENETICS.MITOCHONDRIAL_GENETICS,GENETICS.MITOCHONDRIAL_GENETICS.LO1,impossible,tier_prior,high,
ZYNTRA-BS-201,0aae05c7-746b-4d7c-b098-26d389f834c5,Embryology,EMBRYOLOGY.NEURULATION,EMBRYOLOGY.NEURULATION.LO1,very hard,tier_prior,high,
ZYNTRA-BS-206,0036f750-ae4d-4c0d-9a4c-231a3b94239c,Embryology,EMBRYOLOGY.NEURULATION,EMBRYOLOGY.NEURULATION.LO1,very hard,tier_prior,high,
ZYNTRA-BS-211,1fcbe853-c81e-4508-8793-c8afbfcb6f22,Embryology,EMBRYOLOGY.NEURULATION,EMBRYOLOGY.NEURULATION.LO1,impossible,tier_prior,high,
ZYNTRA-BS-216,e301dd02-5bdb-4858-81e6-32cc765a6719,Embryology,EMBRYOLOGY.NEURULATION,EMBRYOLOGY.NEURULATION.LO1,impossible,tier_prior,high,
ZYNTRA-BS-221,4c211e9f-14a5-48a2-87cc-733cfaef65dd,Embryology,EMBRYOLOGY.NEURULATION,EMBRYOLOGY.NEURULATION.LO1,very easy,tier_prior,high,
ZYNTRA-BS-202,272fa333-99b9-4672-b197-f30685c8f808,Embryology,EMBRYOLOGY.CARDIAC_EMBRYOLOGY,EMBRYOLOGY.CARDIAC_EMBRYOLOGY.LO1,hard,tier_prior,low,Template does not specify the defect; LO is broad - confirm granularity
ZYNTRA-BS-207,4136fefb-71ad-465a-8c88-35e1f9b93fb7,Embryology,EMBRYOLOGY.CARDIAC_EMBRYOLOGY,EMBRYOLOGY.CARDIAC_EMBRYOLOGY.LO1,very easy,tier_prior,low,Template does not specify the defect; LO is broad - confirm granularity
ZYNTRA-BS-212,76944cd6-dca5-49a8-bfc4-b6c132b7e13f,Embryology,EMBRYOLOGY.CARDIAC_EMBRYOLOGY,EMBRYOLOGY.CARDIAC_EMBRYOLOGY.LO1,hard,tier_prior,low,Template does not specify the defect; LO is broad - confirm granularity
ZYNTRA-BS-217,ff2639b8-87f5-417b-a8d3-73377ea283b4,Embryology,EMBRYOLOGY.CARDIAC_EMBRYOLOGY,EMBRYOLOGY.CARDIAC_EMBRYOLOGY.LO1,easy,tier_prior,low,Template does not specify the defect; LO is broad - confirm granularity
ZYNTRA-BS-222,f3427967-bef1-41eb-a7c0-cdb6662e2405,Embryology,EMBRYOLOGY.CARDIAC_EMBRYOLOGY,EMBRYOLOGY.CARDIAC_EMBRYOLOGY.LO1,impossible,tier_prior,low,Template does not specify the defect; LO is broad - confirm granularity
ZYNTRA-BS-203,a2f40bbd-a98e-4363-849c-cc12d2c08318,Embryology,EMBRYOLOGY.GASTROINTESTINAL_EMBRYOLOGY,EMBRYOLOGY.GASTROINTESTINAL_EMBRYOLOGY.LO1,moderate,tier_prior,high,
ZYNTRA-BS-208,e354860d-9daf-4555-b667-6d1844119068,Embryology,EMBRYOLOGY.GASTROINTESTINAL_EMBRYOLOGY,EMBRYOLOGY.GASTROINTESTINAL_EMBRYOLOGY.LO1,easy,tier_prior,high,
ZYNTRA-BS-213,33376176-3852-481d-a7e7-525829b40f4f,Embryology,EMBRYOLOGY.GASTROINTESTINAL_EMBRYOLOGY,EMBRYOLOGY.GASTROINTESTINAL_EMBRYOLOGY.LO1,impossible,tier_prior,high,
ZYNTRA-BS-218,00ac288e-5160-484d-b9df-d3d20bb85837,Embryology,EMBRYOLOGY.GASTROINTESTINAL_EMBRYOLOGY,EMBRYOLOGY.GASTROINTESTINAL_EMBRYOLOGY.LO1,moderate,tier_prior,high,
ZYNTRA-BS-223,49d254e0-6cf7-46c0-86c0-5ef1c4c763d4,Embryology,EMBRYOLOGY.GASTROINTESTINAL_EMBRYOLOGY,EMBRYOLOGY.GASTROINTESTINAL_EMBRYOLOGY.LO1,impossible,tier_prior,high,
ZYNTRA-BS-204,a4da50c5-6464-4a9b-ad68-236548104fd0,Embryology,EMBRYOLOGY.RENAL_EMBRYOLOGY,EMBRYOLOGY.RENAL_EMBRYOLOGY.LO1,easy,tier_prior,high,
ZYNTRA-BS-209,fd65733a-6acc-4c6a-a5ca-117a71082d32,Embryology,EMBRYOLOGY.RENAL_EMBRYOLOGY,EMBRYOLOGY.RENAL_EMBRYOLOGY.LO1,impossible,tier_prior,high,
ZYNTRA-BS-214,b8771c70-813e-4af0-9355-4fbc206b782e,Embryology,EMBRYOLOGY.RENAL_EMBRYOLOGY,EMBRYOLOGY.RENAL_EMBRYOLOGY.LO1,easy,tier_prior,high,
ZYNTRA-BS-219,4177529b-0768-4682-99ff-235f02c5c91e,Embryology,EMBRYOLOGY.RENAL_EMBRYOLOGY,EMBRYOLOGY.RENAL_EMBRYOLOGY.LO1,moderate,tier_prior,high,
ZYNTRA-BS-224,e8397a34-fdd0-496e-831d-fca557a96b58,Embryology,EMBRYOLOGY.RENAL_EMBRYOLOGY,EMBRYOLOGY.RENAL_EMBRYOLOGY.LO1,moderate,tier_prior,high,
ZYNTRA-BS-205,93993263-9269-4729-8e0f-1f7a1695b86c,Embryology,EMBRYOLOGY.HEAD_AND_NECK_EMBRYOLOGY,EMBRYOLOGY.HEAD_AND_NECK_EMBRYOLOGY.LO1,easy,tier_prior,high,
ZYNTRA-BS-210,843c5a71-7459-415f-b0da-534fa798145b,Embryology,EMBRYOLOGY.HEAD_AND_NECK_EMBRYOLOGY,EMBRYOLOGY.HEAD_AND_NECK_EMBRYOLOGY.LO1,moderate,tier_prior,high,
ZYNTRA-BS-215,75ada96f-c6dd-402f-8a75-0815945f9e3b,Embryology,EMBRYOLOGY.HEAD_AND_NECK_EMBRYOLOGY,EMBRYOLOGY.HEAD_AND_NECK_EMBRYOLOGY.LO1,hard,tier_prior,high,
ZYNTRA-BS-220,a393ea17-f4b0-49f7-93f7-152338028e27,Embryology,EMBRYOLOGY.HEAD_AND_NECK_EMBRYOLOGY,EMBRYOLOGY.HEAD_AND_NECK_EMBRYOLOGY.LO1,impossible,tier_prior,high,
ZYNTRA-BS-225,a4965412-f51d-4a5d-9bad-12769c5222d8,Embryology,EMBRYOLOGY.HEAD_AND_NECK_EMBRYOLOGY,EMBRYOLOGY.HEAD_AND_NECK_EMBRYOLOGY.LO1,very hard,tier_prior,high,
