zyntra_id,source,group,concept_key,lo_key,irt_b,irt_b_source,review_status
ZQ-0001,bank170,ADULT_MEDICINE,ADULT_MEDICINE.CARDIOLOGY,ADULT_MEDICINE.CARDIOLOGY.ATRIAL_FIBRILLATION_CHOOSING_AN_ANTICOAGULANT_AN,1.0,tier_prior,owner_approved_2026_09_29
ZQ-0002,bank170,ADULT_MEDICINE,ADULT_MEDICINE.RESPIRATORY,ADULT_MEDICINE.RESPIRATORY.SUSPECTED_PULMONARY_EMBOLISM_PRE_TEST_PROBABILIT,0.0,tier_prior,owner_approved_2026_09_29
ZQ-0003,bank170,ADULT_MEDICINE,ADULT_MEDICINE.ENDOCRINOLOGY,ADULT_MEDICINE.ENDOCRINOLOGY.SGLT2_INHIBITOR_ASSOCIATED_EUGLYCAEMIC_DIABETIC,1.0,tier_prior,owner_approved_2026_09_29
ZQ-0004,bank170,ADULT_MEDICINE,ADULT_MEDICINE.INFECTIOUS_DISEASES,ADULT_MEDICINE.INFECTIOUS_DISEASES.SEVERE_COMMUNITY_ACQUIRED_PNEUMONIA_IN_TROPICAL,1.0,tier_prior,owner_approved_2026_09_29
ZQ-0005,bank170,ADULT_MEDICINE,ADULT_MEDICINE.NEUROLOGY,ADULT_MEDICINE.NEUROLOGY.ACUTE_ISCHAEMIC_STROKE_BLOOD_PRESSURE_BEFORE_INT,0.0,tier_prior,owner_approved_2026_09_29
ZQ-0006,bank170,ADULT_MEDICINE,ADULT_MEDICINE.GASTROENTEROLOGY,ADULT_MEDICINE.GASTROENTEROLOGY.CHRONIC_HEPATITIS_B_INTERPRETING_SEROLOGY_AND_PH,0.0,tier_prior,owner_approved_2026_09_29
ZQ-0007,bank170,ADULT_SURGERY,ADULT_SURGERY.VASCULAR_SURGERY,ADULT_SURGERY.VASCULAR_SURGERY.SUSPECTED_ACUTE_MESENTERIC_ISCHAEMIA_CHOICE_OF_I,1.0,tier_prior,owner_approved_2026_09_29
ZQ-0008,bank170,ADULT_SURGERY,ADULT_SURGERY.ORTHOPAEDICS,ADULT_SURGERY.ORTHOPAEDICS.HIP_FRACTURE_ANALGESIA_IN_THE_EMERGENCY_DEPARTME,0.0,tier_prior,owner_approved_2026_09_29
ZQ-0009,bank170,ADULT_SURGERY,ADULT_SURGERY.UROLOGY,ADULT_SURGERY.UROLOGY.OBSTRUCTED_INFECTED_KIDNEY_FROM_A_URETERIC_STONE,0.0,tier_prior,owner_approved_2026_09_29
ZQ-0010,bank170,ADULT_SURGERY,ADULT_SURGERY.ENT_OPHTHALMOLOGY,ADULT_SURGERY.ENT_OPHTHALMOLOGY.ACUTE_ANGLE_CLOSURE_GLAUCOMA_IN_RURAL_GENERAL_PR,1.0,tier_prior,owner_approved_2026_09_29
ZQ-0011,bank170,WOMENS_HEALTH,WOMENS_HEALTH.OBSTETRICS,WOMENS_HEALTH.OBSTETRICS.PRE_ECLAMPSIA_WITH_SEVERE_FEATURES_MAGNESIUM_SUL,1.0,tier_prior,owner_approved_2026_09_29
ZQ-0012,bank170,WOMENS_HEALTH,WOMENS_HEALTH.GYNAECOLOGY,WOMENS_HEALTH.GYNAECOLOGY.CERVICAL_SCREENING_HPV_NOT_16_18_ON_A_SELF_COLLE,2.0,tier_prior,owner_approved_2026_09_29
ZQ-0013,bank170,CHILD_HEALTH,CHILD_HEALTH.PAEDIATRIC_MEDICINE,CHILD_HEALTH.PAEDIATRIC_MEDICINE.INCOMPLETE_KAWASAKI_DISEASE_WHEN_TO_GIVE_IVIG,1.0,tier_prior,owner_approved_2026_09_29
ZQ-0014,bank170,CHILD_HEALTH,CHILD_HEALTH.PAEDIATRIC_MEDICINE,CHILD_HEALTH.PAEDIATRIC_MEDICINE.NEPHRITIC_SYNDROME_AFTER_SKIN_SORES_ACUTE_POST_S,0.0,tier_prior,owner_approved_2026_09_29
ZQ-0015,bank170,CHILD_HEALTH,CHILD_HEALTH.NEONATOLOGY,CHILD_HEALTH.NEONATOLOGY.JAUNDICE_IN_THE_FIRST_24_HOURS_OF_LIFE,0.0,tier_prior,owner_approved_2026_09_29
ZQ-0016,bank170,MENTAL_HEALTH,MENTAL_HEALTH.MOOD_DISORDERS,MENTAL_HEALTH.MOOD_DISORDERS.SEROTONIN_TOXICITY_FROM_TRAMADOL_WITH_AN_SSRI,0.0,tier_prior,owner_approved_2026_09_29
ZQ-0017,bank170,MENTAL_HEALTH,MENTAL_HEALTH.PSYCHOSIS,MENTAL_HEALTH.PSYCHOSIS.CLOZAPINE_INITIATION_RECOGNISING_EARLY_MYOCARDIT,1.0,tier_prior,owner_approved_2026_09_29
ZQ-0018,bank170,POPULATION_HEALTH,POPULATION_HEALTH.SCREENING,POPULATION_HEALTH.SCREENING.BOWEL_CANCER_SCREENING_BY_FAMILY_HISTORY_RISK_CA,2.0,tier_prior,owner_approved_2026_09_29
ZQ-0019,bank170,POPULATION_HEALTH,POPULATION_HEALTH.ETHICS_LAW,POPULATION_HEALTH.ETHICS_LAW.TREATING_A_DOCTOR_PATIENT_MANDATORY_NOTIFICATION,1.0,tier_prior,owner_approved_2026_09_29
ZQ-0020,bank170,POPULATION_HEALTH,POPULATION_HEALTH.EPIDEMIOLOGY,POPULATION_HEALTH.EPIDEMIOLOGY.MEASLES_POST_EXPOSURE_PROPHYLAXIS_IN_PREGNANCY,1.0,tier_prior,owner_approved_2026_09_29
ZQ-0101,bank170,ADULT_MEDICINE,ADULT_MEDICINE.CARDIOLOGY,ADULT_MEDICINE.CARDIOLOGY.INFERIOR_STEMI_WITH_RIGHT_VENTRICULAR_INFARCTION,0.0,tier_prior,owner_approved_2026_09_29
ZQ-0102,bank170,ADULT_MEDICINE,ADULT_MEDICINE.CARDIOLOGY,ADULT_MEDICINE.CARDIOLOGY.HFREF_SWITCHING_AN_ACE_INHIBITOR_TO_SACUBITRIL_V,2.0,tier_prior,owner_approved_2026_09_29
ZQ-0103,bank170,ADULT_MEDICINE,ADULT_MEDICINE.CARDIOLOGY,ADULT_MEDICINE.CARDIOLOGY.ACUTE_RHEUMATIC_FEVER_IN_A_HIGH_RISK_POPULATION,1.0,tier_prior,owner_approved_2026_09_29
ZQ-0104,bank170,ADULT_MEDICINE,ADULT_MEDICINE.CARDIOLOGY,ADULT_MEDICINE.CARDIOLOGY.2023_AUSTRALIAN_CVD_RISK_GUIDELINE_CLINICALLY_DE,1.0,tier_prior,owner_approved_2026_09_29
ZQ-0105,bank170,ADULT_MEDICINE,ADULT_MEDICINE.RESPIRATORY,ADULT_MEDICINE.RESPIRATORY.MILD_ASTHMA_IN_AN_ADULT_AS_NEEDED_BUDESONIDE_FOR,1.0,tier_prior,owner_approved_2026_09_29
ZQ-0106,bank170,ADULT_MEDICINE,ADULT_MEDICINE.RESPIRATORY,ADULT_MEDICINE.RESPIRATORY.PLEURAL_FLUID_ANALYSIS_DIURETIC_RELATED_PSEUDO_E,1.0,tier_prior,owner_approved_2026_09_29
ZQ-0107,bank170,ADULT_MEDICINE,ADULT_MEDICINE.RESPIRATORY,ADULT_MEDICINE.RESPIRATORY.SUSPECTED_COPD_CONFIRMING_PERSISTENT_AIRFLOW_LIM,0.0,tier_prior,owner_approved_2026_09_29
ZQ-0108,bank170,ADULT_MEDICINE,ADULT_MEDICINE.ENDOCRINOLOGY,ADULT_MEDICINE.ENDOCRINOLOGY.TYPE_2_DIABETES_WITH_ALBUMINURIC_CKD_ADDING_AN_S,0.0,tier_prior,owner_approved_2026_09_29
ZQ-0109,bank170,ADULT_MEDICINE,ADULT_MEDICINE.ENDOCRINOLOGY,ADULT_MEDICINE.ENDOCRINOLOGY.PAINFUL_THYROTOXICOSIS_WITH_LOW_RADIONUCLIDE_UPT,1.0,tier_prior,owner_approved_2026_09_29
ZQ-0110,bank170,ADULT_MEDICINE,ADULT_MEDICINE.ENDOCRINOLOGY,ADULT_MEDICINE.ENDOCRINOLOGY.PTH_DEPENDENT_HYPERCALCAEMIA_EXCLUDING_FAMILIAL,2.0,tier_prior,owner_approved_2026_09_29
ZQ-0111,bank170,ADULT_MEDICINE,ADULT_MEDICINE.ENDOCRINOLOGY,ADULT_MEDICINE.ENDOCRINOLOGY.SUSPECTED_PRIMARY_ALDOSTERONISM_PREPARING_FOR_AL,1.0,tier_prior,owner_approved_2026_09_29
ZQ-0112,bank170,ADULT_MEDICINE,ADULT_MEDICINE.ENDOCRINOLOGY,ADULT_MEDICINE.ENDOCRINOLOGY.STOPPING_DENOSUMAB_PREVENTING_REBOUND_VERTEBRAL,2.0,tier_prior,owner_approved_2026_09_29
ZQ-0113,bank170,ADULT_MEDICINE,ADULT_MEDICINE.RENAL,ADULT_MEDICINE.RENAL.ACUTE_KIDNEY_INJURY_FROM_THE_TRIPLE_WHAMMY_ACE_I,0.0,tier_prior,owner_approved_2026_09_29
ZQ-0114,bank170,ADULT_MEDICINE,ADULT_MEDICINE.RENAL,ADULT_MEDICINE.RENAL.HYPOTONIC_HYPONATRAEMIA_IN_A_EUVOLAEMIC_OLDER_WO,1.0,tier_prior,owner_approved_2026_09_29
ZQ-0115,bank170,ADULT_MEDICINE,ADULT_MEDICINE.RENAL,ADULT_MEDICINE.RENAL.REFRACTORY_HYPOCALCAEMIA_AND_HYPOKALAEMIA_FROM_P,1.0,tier_prior,owner_approved_2026_09_29
ZQ-0116,bank170,ADULT_MEDICINE,ADULT_MEDICINE.GASTROENTEROLOGY,ADULT_MEDICINE.GASTROENTEROLOGY.UPPER_GI_BLEEDING_RISK_STRATIFICATION_GLASGOW_BL,1.0,tier_prior,owner_approved_2026_09_29
ZQ-0117,bank170,ADULT_MEDICINE,ADULT_MEDICINE.GASTROENTEROLOGY,ADULT_MEDICINE.GASTROENTEROLOGY.SUSPECTED_COELIAC_DISEASE_IN_A_PATIENT_ALREADY_O,1.0,tier_prior,owner_approved_2026_09_29
ZQ-0118,bank170,ADULT_MEDICINE,ADULT_MEDICINE.GASTROENTEROLOGY,ADULT_MEDICINE.GASTROENTEROLOGY.CIRRHOSIS_WITH_ASCITES_FEVER_AND_CONFUSION_DIAGN,0.0,tier_prior,owner_approved_2026_09_29
ZQ-0119,bank170,ADULT_MEDICINE,ADULT_MEDICINE.HAEMATOLOGY_ONCOLOGY,ADULT_MEDICINE.HAEMATOLOGY_ONCOLOGY.INTERPRETING_IRON_STUDIES_IN_INFLAMMATION_IRON_D,1.0,tier_prior,owner_approved_2026_09_29
ZQ-0120,bank170,ADULT_MEDICINE,ADULT_MEDICINE.HAEMATOLOGY_ONCOLOGY,ADULT_MEDICINE.HAEMATOLOGY_ONCOLOGY.HEPARIN_INDUCED_THROMBOCYTOPENIA_WITH_THROMBOSIS,1.0,tier_prior,owner_approved_2026_09_29
ZQ-0121,bank170,ADULT_MEDICINE,ADULT_MEDICINE.HAEMATOLOGY_ONCOLOGY,ADULT_MEDICINE.HAEMATOLOGY_ONCOLOGY.THROMBOTIC_MICROANGIOPATHY_RECOGNISING_IMMUNE_TT,1.0,tier_prior,owner_approved_2026_09_29
ZQ-0122,bank170,ADULT_MEDICINE,ADULT_MEDICINE.HAEMATOLOGY_ONCOLOGY,ADULT_MEDICINE.HAEMATOLOGY_ONCOLOGY.SUPRATHERAPEUTIC_INR_WITHOUT_BLEEDING_EFFECT_OF,2.0,tier_prior,owner_approved_2026_09_29
ZQ-0123,bank170,ADULT_MEDICINE,ADULT_MEDICINE.HAEMATOLOGY_ONCOLOGY,ADULT_MEDICINE.HAEMATOLOGY_ONCOLOGY.SUSPECTED_METASTATIC_SPINAL_CORD_COMPRESSION_IMM,0.0,tier_prior,owner_approved_2026_09_29
ZQ-0124,bank170,ADULT_MEDICINE,ADULT_MEDICINE.HAEMATOLOGY_ONCOLOGY,ADULT_MEDICINE.HAEMATOLOGY_ONCOLOGY.IMMUNE_CHECKPOINT_INHIBITOR_COLITIS_GRADE_3_MANA,1.0,tier_prior,owner_approved_2026_09_29
ZQ-0125,bank170,ADULT_MEDICINE,ADULT_MEDICINE.NEUROLOGY,ADULT_MEDICINE.NEUROLOGY.FIRST_UNPROVOKED_SEIZURE_PRIVATE_VEHICLE_DRIVING,1.0,tier_prior,owner_approved_2026_09_29
ZQ-0126,bank170,ADULT_MEDICINE,ADULT_MEDICINE.NEUROLOGY,ADULT_MEDICINE.NEUROLOGY.GUILLAIN_BARR_SYNDROME_BEDSIDE_MONITORING_FOR_IM,0.0,tier_prior,owner_approved_2026_09_29
ZQ-0127,bank170,ADULT_MEDICINE,ADULT_MEDICINE.NEUROLOGY,ADULT_MEDICINE.NEUROLOGY.THUNDERCLAP_HEADACHE_WITH_NORMAL_CT_MORE_THAN_6,2.0,tier_prior,owner_approved_2026_09_29
ZQ-0128,bank170,ADULT_MEDICINE,ADULT_MEDICINE.INFECTIOUS_DISEASES,ADULT_MEDICINE.INFECTIOUS_DISEASES.SYPHILIS_SEROLOGY_AFTER_PREVIOUS_TREATMENT_DISTI,1.0,tier_prior,owner_approved_2026_09_29
ZQ-0129,bank170,ADULT_MEDICINE,ADULT_MEDICINE.INFECTIOUS_DISEASES,ADULT_MEDICINE.INFECTIOUS_DISEASES.OCCUPATIONAL_ZOONOSIS_IN_AN_ABATTOIR_WORKER_ACUT,1.0,tier_prior,owner_approved_2026_09_29
ZQ-0130,bank170,ADULT_MEDICINE,ADULT_MEDICINE.INFECTIOUS_DISEASES,ADULT_MEDICINE.INFECTIOUS_DISEASES.STAPHYLOCOCCUS_AUREUS_BACTERAEMIA_FIRST_LINE_INV,1.0,tier_prior,owner_approved_2026_09_29
ZQ-0131,bank170,ADULT_MEDICINE,ADULT_MEDICINE.INFECTIOUS_DISEASES,ADULT_MEDICINE.INFECTIOUS_DISEASES.NON_OCCUPATIONAL_HIV_POST_EXPOSURE_PROPHYLAXIS_C,2.0,tier_prior,owner_approved_2026_09_29
ZQ-0132,bank170,ADULT_MEDICINE,ADULT_MEDICINE.INFECTIOUS_DISEASES,ADULT_MEDICINE.INFECTIOUS_DISEASES.TETANUS_PROPHYLAXIS_FOR_A_TETANUS_PRONE_WOUND_IN,1.0,tier_prior,owner_approved_2026_09_29
ZQ-0133,bank170,ADULT_MEDICINE,ADULT_MEDICINE.RHEUMATOLOGY,ADULT_MEDICINE.RHEUMATOLOGY.SUSPECTED_GIANT_CELL_ARTERITIS_WITHOUT_VISUAL_LO,0.0,tier_prior,owner_approved_2026_09_29
ZQ-0134,bank170,ADULT_MEDICINE,ADULT_MEDICINE.RHEUMATOLOGY,ADULT_MEDICINE.RHEUMATOLOGY.PHARMACOGENOMIC_SCREENING_BEFORE_URATE_LOWERING,1.0,tier_prior,owner_approved_2026_09_29
ZQ-0135,bank170,ADULT_MEDICINE,ADULT_MEDICINE.RHEUMATOLOGY,ADULT_MEDICINE.RHEUMATOLOGY.ACUTE_HOT_SWOLLEN_KNEE_WITH_FEVER_IN_A_PATIENT_W,0.0,tier_prior,owner_approved_2026_09_29
ZQ-0136,bank170,ADULT_MEDICINE,ADULT_MEDICINE.RHEUMATOLOGY,ADULT_MEDICINE.RHEUMATOLOGY.SYSTEMIC_LUPUS_ERYTHEMATOSUS_WITH_ACTIVE_URINARY,1.0,tier_prior,owner_approved_2026_09_29
ZQ-0137,bank170,ADULT_MEDICINE,ADULT_MEDICINE.RHEUMATOLOGY,ADULT_MEDICINE.RHEUMATOLOGY.PANCYTOPENIA_IN_A_PATIENT_ON_METHOTREXATE_INTERA,1.0,tier_prior,owner_approved_2026_09_29
ZQ-0138,bank170,ADULT_MEDICINE,ADULT_MEDICINE.DERMATOLOGY,ADULT_MEDICINE.DERMATOLOGY.SUSPICIOUS_CHANGING_PIGMENTED_LESION_OPTIMAL_INI,0.0,tier_prior,owner_approved_2026_09_29
ZQ-0139,bank170,ADULT_MEDICINE,ADULT_MEDICINE.DERMATOLOGY,ADULT_MEDICINE.DERMATOLOGY.DELAYED_DRUG_HYPERSENSITIVITY_DURING_OUTPATIENT,1.0,tier_prior,owner_approved_2026_09_29
ZQ-0140,bank170,ADULT_MEDICINE,ADULT_MEDICINE.DERMATOLOGY,ADULT_MEDICINE.DERMATOLOGY.CRUSTED_SCABIES_IN_A_REMOTE_COMMUNITY_PATIENT_IN,1.0,tier_prior,owner_approved_2026_09_29
ZQ-0141,bank170,ADULT_MEDICINE,ADULT_MEDICINE.NEUROLOGY,ADULT_MEDICINE.NEUROLOGY.HYPERACTIVE_DELIRIUM_IN_AN_OLDER_INPATIENT_ON_AN,0.0,tier_prior,owner_approved_2026_09_29
ZQ-0142,bank170,ADULT_MEDICINE,ADULT_MEDICINE.RENAL,ADULT_MEDICINE.RENAL.OPIOID_NEUROTOXICITY_IN_END_STAGE_KIDNEY_DISEASE,1.0,tier_prior,owner_approved_2026_09_29
ZQ-0143,bank170,ADULT_MEDICINE,ADULT_MEDICINE.GASTROENTEROLOGY,ADULT_MEDICINE.GASTROENTEROLOGY.MODIFIED_RELEASE_PARACETAMOL_OVERDOSE_CHARCOAL_A,2.0,tier_prior,owner_approved_2026_09_29
ZQ-0144,bank170,ADULT_MEDICINE,ADULT_MEDICINE.HAEMATOLOGY_ONCOLOGY,ADULT_MEDICINE.HAEMATOLOGY_ONCOLOGY.SUSPECTED_SNAKEBITE_WITH_NORMAL_BASELINE_TESTS_P,1.0,tier_prior,owner_approved_2026_09_29
ZQ-0145,bank170,ADULT_MEDICINE,ADULT_MEDICINE.RESPIRATORY,ADULT_MEDICINE.RESPIRATORY.REFRACTORY_ANAPHYLAXIS_DESPITE_TWO_IM_ADRENALINE,1.0,tier_prior,owner_approved_2026_09_29
ZQ-0146,bank170,ADULT_SURGERY,ADULT_SURGERY.GENERAL_SURGERY,ADULT_SURGERY.GENERAL_SURGERY.ADHESIVE_SMALL_BOWEL_OBSTRUCTION_WATER_SOLUBLE_C,1.0,tier_prior,owner_approved_2026_09_29
ZQ-0147,bank170,ADULT_SURGERY,ADULT_SURGERY.GENERAL_SURGERY,ADULT_SURGERY.GENERAL_SURGERY.MILD_GALLSTONE_PANCREATITIS_TIMING_OF_CHOLECYSTE,1.0,tier_prior,owner_approved_2026_09_29
ZQ-0148,bank170,ADULT_SURGERY,ADULT_SURGERY.GENERAL_SURGERY,ADULT_SURGERY.GENERAL_SURGERY.SUSPECTED_CHOLEDOCHOLITHIASIS_RISK_STRATIFICATIO,1.0,tier_prior,owner_approved_2026_09_29
ZQ-0149,bank170,ADULT_SURGERY,ADULT_SURGERY.GENERAL_SURGERY,ADULT_SURGERY.GENERAL_SURGERY.ACUTE_COLONIC_PSEUDO_OBSTRUCTION_OGILVIE_SYNDROM,1.0,tier_prior,owner_approved_2026_09_29
ZQ-0150,bank170,ADULT_SURGERY,ADULT_SURGERY.GENERAL_SURGERY,ADULT_SURGERY.GENERAL_SURGERY.ANASTOMOTIC_LEAK_AFTER_ANTERIOR_RESECTION_PRESEN,1.0,tier_prior,owner_approved_2026_09_29
ZQ-0151,bank170,ADULT_SURGERY,ADULT_SURGERY.GENERAL_SURGERY,ADULT_SURGERY.GENERAL_SURGERY.GASTRIC_OUTLET_OBSTRUCTION_HYPOCHLORAEMIC_HYPOKA,1.0,tier_prior,owner_approved_2026_09_29
ZQ-0152,bank170,ADULT_SURGERY,ADULT_SURGERY.GENERAL_SURGERY,ADULT_SURGERY.GENERAL_SURGERY.SUSPECTED_SPONTANEOUS_OESOPHAGEAL_PERFORATION_BO,1.0,tier_prior,owner_approved_2026_09_29
ZQ-0153,bank170,ADULT_SURGERY,ADULT_SURGERY.GENERAL_SURGERY,ADULT_SURGERY.GENERAL_SURGERY.NEW_BREAST_LUMP_IN_A_WOMAN_UNDER_35_TRIPLE_TEST,0.0,tier_prior,owner_approved_2026_09_29
ZQ-0154,bank170,ADULT_SURGERY,ADULT_SURGERY.GENERAL_SURGERY,ADULT_SURGERY.GENERAL_SURGERY.LACTATIONAL_BREAST_ABSCESS,0.0,tier_prior,owner_approved_2026_09_29
ZQ-0155,bank170,ADULT_SURGERY,ADULT_SURGERY.VASCULAR_SURGERY,ADULT_SURGERY.VASCULAR_SURGERY.ABDOMINAL_AORTIC_ANEURYSM_SURVEILLANCE_SEX_SPECI,2.0,tier_prior,owner_approved_2026_09_29
ZQ-0156,bank170,ADULT_SURGERY,ADULT_SURGERY.VASCULAR_SURGERY,ADULT_SURGERY.VASCULAR_SURGERY.DIABETES_RELATED_FOOT_ULCER_ASSESSING_PERFUSION,1.0,tier_prior,owner_approved_2026_09_29
ZQ-0157,bank170,ADULT_SURGERY,ADULT_SURGERY.VASCULAR_SURGERY,ADULT_SURGERY.VASCULAR_SURGERY.SYMPTOMATIC_SEVERE_CAROTID_STENOSIS_AFTER_AMAURO,0.0,tier_prior,owner_approved_2026_09_29
ZQ-0158,bank170,ADULT_SURGERY,ADULT_SURGERY.UROLOGY,ADULT_SURGERY.UROLOGY.SUSPECTED_TESTICULAR_TORSION_IN_A_YOUNG_MAN,0.0,tier_prior,owner_approved_2026_09_29
ZQ-0159,bank170,ADULT_SURGERY,ADULT_SURGERY.UROLOGY,ADULT_SURGERY.UROLOGY.PAINLESS_VISIBLE_HAEMATURIA_IN_AN_OLDER_SMOKER,0.0,tier_prior,owner_approved_2026_09_29
ZQ-0160,bank170,ADULT_SURGERY,ADULT_SURGERY.UROLOGY,ADULT_SURGERY.UROLOGY.HIGH_PRESSURE_CHRONIC_RETENTION_POST_OBSTRUCTIVE,1.0,tier_prior,owner_approved_2026_09_29
ZQ-0161,bank170,ADULT_SURGERY,ADULT_SURGERY.ORTHOPAEDICS,ADULT_SURGERY.ORTHOPAEDICS.SUSPECTED_ACUTE_ACHILLES_TENDON_RUPTURE_KEY_EXAM,0.0,tier_prior,owner_approved_2026_09_29
ZQ-0162,bank170,ADULT_SURGERY,ADULT_SURGERY.ORTHOPAEDICS,ADULT_SURGERY.ORTHOPAEDICS.ACUTE_COMPARTMENT_SYNDROME_AFTER_TIBIAL_FRACTURE,1.0,tier_prior,owner_approved_2026_09_29
ZQ-0163,bank170,ADULT_SURGERY,ADULT_SURGERY.ORTHOPAEDICS,ADULT_SURGERY.ORTHOPAEDICS.SUSPECTED_CAUDA_EQUINA_SYNDROME,0.0,tier_prior,owner_approved_2026_09_29
ZQ-0164,bank170,ADULT_SURGERY,ADULT_SURGERY.ORTHOPAEDICS,ADULT_SURGERY.ORTHOPAEDICS.FAT_EMBOLISM_SYNDROME_AFTER_FEMORAL_SHAFT_FRACTU,1.0,tier_prior,owner_approved_2026_09_29
ZQ-0165,bank170,ADULT_SURGERY,ADULT_SURGERY.ORTHOPAEDICS,ADULT_SURGERY.ORTHOPAEDICS.POSTERIOR_SHOULDER_DISLOCATION_AFTER_A_SEIZURE,0.0,tier_prior,owner_approved_2026_09_29
ZQ-0166,bank170,ADULT_SURGERY,ADULT_SURGERY.TRAUMA,ADULT_SURGERY.TRAUMA.MINOR_HEAD_INJURY_IN_AN_OLDER_PERSON_TAKING_A_DO,0.0,tier_prior,owner_approved_2026_09_29
ZQ-0167,bank170,ADULT_SURGERY,ADULT_SURGERY.TRAUMA,ADULT_SURGERY.TRAUMA.BLUNT_CEREBROVASCULAR_INJURY_SCREENING_AFTER_A_C,2.0,tier_prior,owner_approved_2026_09_29
ZQ-0168,bank170,ADULT_SURGERY,ADULT_SURGERY.ENT_OPHTHALMOLOGY,ADULT_SURGERY.ENT_OPHTHALMOLOGY.SUDDEN_SENSORINEURAL_HEARING_LOSS_INTERPRETING_T,1.0,tier_prior,owner_approved_2026_09_29
ZQ-0169,bank170,ADULT_SURGERY,ADULT_SURGERY.ENT_OPHTHALMOLOGY,ADULT_SURGERY.ENT_OPHTHALMOLOGY.ALKALI_WET_CEMENT_CHEMICAL_EYE_INJURY_FIRST_ACTI,0.0,tier_prior,owner_approved_2026_09_29
ZQ-0170,bank170,ADULT_SURGERY,ADULT_SURGERY.ENT_OPHTHALMOLOGY,ADULT_SURGERY.ENT_OPHTHALMOLOGY.ORBITAL_POST_SEPTAL_CELLULITIS_COMPLICATING_SINU,0.0,tier_prior,owner_approved_2026_09_29
ZQ-0171,bank170,ADULT_SURGERY,ADULT_SURGERY.TRAUMA,ADULT_SURGERY.TRAUMA.MAJOR_BURN_CALCULATING_FLUID_RESUSCITATION_MODIF,2.0,tier_prior,owner_approved_2026_09_29
ZQ-0172,bank170,ADULT_SURGERY,ADULT_SURGERY.GENERAL_SURGERY,ADULT_SURGERY.GENERAL_SURGERY.INTRAOPERATIVE_HYPERCARBIA_AND_HYPERTHERMIA_MALI,1.0,tier_prior,owner_approved_2026_09_29
ZQ-0173,bank170,ADULT_SURGERY,ADULT_SURGERY.TRAUMA,ADULT_SURGERY.TRAUMA.HAEMODYNAMICALLY_UNSTABLE_PELVIC_FRACTURE_EMST_C,1.0,tier_prior,owner_approved_2026_09_29
ZQ-0174,bank170,ADULT_SURGERY,ADULT_SURGERY.TRAUMA,ADULT_SURGERY.TRAUMA.INFECTED_CLENCHED_FIST_FIGHT_BITE_INJURY_OVER_TH,1.0,tier_prior,owner_approved_2026_09_29
ZQ-0175,bank170,ADULT_SURGERY,ADULT_SURGERY.GENERAL_SURGERY,ADULT_SURGERY.GENERAL_SURGERY.PREOPERATIVE_ADVICE_FOR_A_PATIENT_TAKING_A_WEEKL,2.0,tier_prior,owner_approved_2026_09_29
ZQ-0176,bank170,WOMENS_HEALTH,WOMENS_HEALTH.OBSTETRICS,WOMENS_HEALTH.OBSTETRICS.ANTENATAL_HAEMOGLOBINOPATHY_SCREENING_MICROCYTOS,1.0,tier_prior,owner_approved_2026_09_29
ZQ-0177,bank170,WOMENS_HEALTH,WOMENS_HEALTH.GYNAECOLOGY,WOMENS_HEALTH.GYNAECOLOGY.UNRUPTURED_TUBAL_ECTOPIC_PREGNANCY_GEOGRAPHIC_IS,1.0,tier_prior,owner_approved_2026_09_29
ZQ-0178,bank170,WOMENS_HEALTH,WOMENS_HEALTH.OBSTETRICS,WOMENS_HEALTH.OBSTETRICS.RH_D_IMMUNOGLOBULIN_AND_THREATENED_MISCARRIAGE_B,2.0,tier_prior,owner_approved_2026_09_29
ZQ-0179,bank170,WOMENS_HEALTH,WOMENS_HEALTH.OBSTETRICS,WOMENS_HEALTH.OBSTETRICS.PAINLESS_ANTEPARTUM_HAEMORRHAGE_WITH_UNKNOWN_PLA,0.0,tier_prior,owner_approved_2026_09_29
ZQ-0180,bank170,WOMENS_HEALTH,WOMENS_HEALTH.OBSTETRICS,WOMENS_HEALTH.OBSTETRICS.PRIMARY_POSTPARTUM_HAEMORRHAGE_WITH_PRE_ECLAMPSI,1.0,tier_prior,owner_approved_2026_09_29
ZQ-0181,bank170,WOMENS_HEALTH,WOMENS_HEALTH.OBSTETRICS,WOMENS_HEALTH.OBSTETRICS.LABOUR_AFTER_PREVIOUS_CAESAREAN_RECOGNISING_UTER,0.0,tier_prior,owner_approved_2026_09_29
ZQ-0182,bank170,WOMENS_HEALTH,WOMENS_HEALTH.OBSTETRICS,WOMENS_HEALTH.OBSTETRICS.INTERPRETING_A_PREGNANCY_OGTT_UNDER_THE_ADIPS_20,2.0,tier_prior,owner_approved_2026_09_29
ZQ-0183,bank170,WOMENS_HEALTH,WOMENS_HEALTH.OBSTETRICS,WOMENS_HEALTH.OBSTETRICS.CHRONIC_HYPERTENSION_IN_EARLY_PREGNANCY_ANTIHYPE,1.0,tier_prior,owner_approved_2026_09_29
ZQ-0184,bank170,WOMENS_HEALTH,WOMENS_HEALTH.GYNAECOLOGY,WOMENS_HEALTH.GYNAECOLOGY.ORAL_EMERGENCY_CONTRACEPTION_AT_90_HOURS_RAISED,1.0,tier_prior,owner_approved_2026_09_29
ZQ-0185,bank170,WOMENS_HEALTH,WOMENS_HEALTH.GYNAECOLOGY,WOMENS_HEALTH.GYNAECOLOGY.BEFORE_PRESCRIBING_THE_COMBINED_PILL_IDENTIFYING,0.0,tier_prior,owner_approved_2026_09_29
ZQ-0186,bank170,WOMENS_HEALTH,WOMENS_HEALTH.GYNAECOLOGY,WOMENS_HEALTH.GYNAECOLOGY.HEAVY_MENSTRUAL_BLEEDING_SINCE_MENARCHE_TESTING,1.0,tier_prior,owner_approved_2026_09_29
ZQ-0187,bank170,WOMENS_HEALTH,WOMENS_HEALTH.GYNAECOLOGY,WOMENS_HEALTH.GYNAECOLOGY.MENOPAUSAL_HORMONE_THERAPY_ROUTE_AND_PROGESTOGEN,1.0,tier_prior,owner_approved_2026_09_29
ZQ-0188,bank170,WOMENS_HEALTH,WOMENS_HEALTH.GYNAECOLOGY,WOMENS_HEALTH.GYNAECOLOGY.ANOVULATORY_INFERTILITY_IN_PCOS_FIRST_LINE_OVULA,0.0,tier_prior,owner_approved_2026_09_29
ZQ-0189,bank170,WOMENS_HEALTH,WOMENS_HEALTH.GYNAECOLOGY,WOMENS_HEALTH.GYNAECOLOGY.POSTMENOPAUSAL_ADNEXAL_MASS_CALCULATING_THE_RISK,1.0,tier_prior,owner_approved_2026_09_29
ZQ-0190,bank170,WOMENS_HEALTH,WOMENS_HEALTH.GYNAECOLOGY,WOMENS_HEALTH.GYNAECOLOGY.POSTMENOPAUSAL_BLEEDING_IN_A_WOMAN_TAKING_TAMOXI,1.0,tier_prior,owner_approved_2026_09_29
ZQ-0191,bank170,WOMENS_HEALTH,WOMENS_HEALTH.GYNAECOLOGY,WOMENS_HEALTH.GYNAECOLOGY.PELVIC_INFLAMMATORY_DISEASE_WITH_NEGATIVE_CHLAMY,1.0,tier_prior,owner_approved_2026_09_29
ZQ-0192,bank170,WOMENS_HEALTH,WOMENS_HEALTH.GYNAECOLOGY,WOMENS_HEALTH.GYNAECOLOGY.PERSISTENT_POSTCOITAL_BLEEDING_AFTER_A_NEGATIVE,1.0,tier_prior,owner_approved_2026_09_29
ZQ-0193,bank170,WOMENS_HEALTH,WOMENS_HEALTH.GYNAECOLOGY,WOMENS_HEALTH.GYNAECOLOGY.PREMATURE_OVARIAN_INSUFFICIENCY_DIAGNOSIS_UNDER,2.0,tier_prior,owner_approved_2026_09_29
ZQ-0194,bank170,WOMENS_HEALTH,WOMENS_HEALTH.GYNAECOLOGY,WOMENS_HEALTH.GYNAECOLOGY.CONFIRMING_OVULATION_TIMING_OF_MID_LUTEAL_PROGES,1.0,tier_prior,owner_approved_2026_09_29
ZQ-0195,bank170,CHILD_HEALTH,CHILD_HEALTH.NEONATOLOGY,CHILD_HEALTH.NEONATOLOGY.NEONATAL_HYPOGLYCAEMIA_IN_AN_INFANT_OF_A_DIABETI,1.0,tier_prior,owner_approved_2026_09_29
ZQ-0196,bank170,CHILD_HEALTH,CHILD_HEALTH.NEONATOLOGY,CHILD_HEALTH.NEONATOLOGY.BILIOUS_VOMITING_IN_A_NEONATE_URGENT_UPPER_GI_CO,0.0,tier_prior,owner_approved_2026_09_29
ZQ-0197,bank170,CHILD_HEALTH,CHILD_HEALTH.CHILD_DEVELOPMENT,CHILD_HEALTH.CHILD_DEVELOPMENT.MOTOR_DELAY_WITH_PROXIMAL_WEAKNESS_IN_A_BOY_CREA,0.0,tier_prior,owner_approved_2026_09_29
ZQ-0198,bank170,CHILD_HEALTH,CHILD_HEALTH.CHILD_DEVELOPMENT,CHILD_HEALTH.CHILD_DEVELOPMENT.6_WEEK_IMMUNISATIONS_FOR_AN_ABORIGINAL_INFANT_NS,2.0,tier_prior,owner_approved_2026_09_29
ZQ-0199,bank170,CHILD_HEALTH,CHILD_HEALTH.NEONATOLOGY,CHILD_HEALTH.NEONATOLOGY.FEBRILE_NEONATE_AGED_28_DAYS_OR_LESS_WITH_A_POSI,1.0,tier_prior,owner_approved_2026_09_29
ZQ-0200,bank170,CHILD_HEALTH,CHILD_HEALTH.PAEDIATRIC_MEDICINE,CHILD_HEALTH.PAEDIATRIC_MEDICINE.BRONCHIOLITIS_OXYGEN_THRESHOLD_AND_NASOGASTRIC_H,1.0,tier_prior,owner_approved_2026_09_29
ZQ-0201,bank170,CHILD_HEALTH,CHILD_HEALTH.PAEDIATRIC_MEDICINE,CHILD_HEALTH.PAEDIATRIC_MEDICINE.BACTERIAL_TRACHEITIS_AFTER_A_CROUP_LIKE_ILLNESS,1.0,tier_prior,owner_approved_2026_09_29
ZQ-0202,bank170,CHILD_HEALTH,CHILD_HEALTH.PAEDIATRIC_MEDICINE,CHILD_HEALTH.PAEDIATRIC_MEDICINE.ACUTE_SEVERE_ASTHMA_NOT_RESPONDING_TO_INITIAL_TH,1.0,tier_prior,owner_approved_2026_09_29
ZQ-0203,bank170,CHILD_HEALTH,CHILD_HEALTH.PAEDIATRIC_MEDICINE,CHILD_HEALTH.PAEDIATRIC_MEDICINE.HAEMOLYTIC_URAEMIC_SYNDROME_AFTER_BLOODY_DIARRHO,0.0,tier_prior,owner_approved_2026_09_29
ZQ-0204,bank170,CHILD_HEALTH,CHILD_HEALTH.PAEDIATRIC_MEDICINE,CHILD_HEALTH.PAEDIATRIC_MEDICINE.SENTINEL_BRUISE_IN_A_PRE_MOBILE_INFANT_SKELETAL,1.0,tier_prior,owner_approved_2026_09_29
ZQ-0205,bank170,CHILD_HEALTH,CHILD_HEALTH.CHILD_DEVELOPMENT,CHILD_HEALTH.CHILD_DEVELOPMENT.ADOLESCENT_PSYCHOSOCIAL_ASSESSMENT_CONFIDENTIALI,0.0,tier_prior,owner_approved_2026_09_29
ZQ-0206,bank170,CHILD_HEALTH,CHILD_HEALTH.NEONATOLOGY,CHILD_HEALTH.NEONATOLOGY.COLLAPSE_OF_A_NEONATE_WITH_DUCT_DEPENDENT_SYSTEM,1.0,tier_prior,owner_approved_2026_09_29
ZQ-0207,bank170,CHILD_HEALTH,CHILD_HEALTH.PAEDIATRIC_MEDICINE,CHILD_HEALTH.PAEDIATRIC_MEDICINE.SUSPECTED_BUTTON_BATTERY_INGESTION_IN_AN_ASYMPTO,1.0,tier_prior,owner_approved_2026_09_29
ZQ-0208,bank170,CHILD_HEALTH,CHILD_HEALTH.PAEDIATRIC_MEDICINE,CHILD_HEALTH.PAEDIATRIC_MEDICINE.SYDENHAM_CHOREA_AS_THE_PRESENTING_FEATURE_OF_ACU,2.0,tier_prior,owner_approved_2026_09_29
ZQ-0209,bank170,CHILD_HEALTH,CHILD_HEALTH.NEONATOLOGY,CHILD_HEALTH.NEONATOLOGY.NEWBORN_RESUSCITATION_APNOEIC_TERM_INFANT_WITH_H,0.0,tier_prior,owner_approved_2026_09_29
ZQ-0210,bank170,CHILD_HEALTH,CHILD_HEALTH.PAEDIATRIC_MEDICINE,CHILD_HEALTH.PAEDIATRIC_MEDICINE.CONVULSIVE_STATUS_EPILEPTICUS_AFTER_TWO_BENZODIA,1.0,tier_prior,owner_approved_2026_09_29
ZQ-0211,bank170,CHILD_HEALTH,CHILD_HEALTH.CHILD_DEVELOPMENT,CHILD_HEALTH.CHILD_DEVELOPMENT.SHORT_STATURE_WITH_DELAYED_PUBERTY_CONSTITUTIONA,1.0,tier_prior,owner_approved_2026_09_29
ZQ-0212,bank170,CHILD_HEALTH,CHILD_HEALTH.PAEDIATRIC_MEDICINE,CHILD_HEALTH.PAEDIATRIC_MEDICINE.DKA_RELATED_CEREBRAL_INJURY_CEREBRAL_OEDEMA_IMME,1.0,tier_prior,owner_approved_2026_09_29
ZQ-0213,bank170,CHILD_HEALTH,CHILD_HEALTH.CHILD_DEVELOPMENT,CHILD_HEALTH.CHILD_DEVELOPMENT.BREECH_BORN_INFANT_WITH_NORMAL_HIP_EXAMINATION_U,0.0,tier_prior,owner_approved_2026_09_29
ZQ-0214,bank170,MENTAL_HEALTH,MENTAL_HEALTH.MOOD_DISORDERS,MENTAL_HEALTH.MOOD_DISORDERS.RECURRENT_DEPRESSION_WITH_PAST_BRIEF_ELEVATED_MO,1.0,tier_prior,owner_approved_2026_09_29
ZQ-0215,bank170,MENTAL_HEALTH,MENTAL_HEALTH.MOOD_DISORDERS,MENTAL_HEALTH.MOOD_DISORDERS.FIRST_EPISODE_MAJOR_DEPRESSION_IN_REMISSION_DURA,0.0,tier_prior,owner_approved_2026_09_29
ZQ-0216,bank170,MENTAL_HEALTH,MENTAL_HEALTH.ANXIETY_DISORDERS,MENTAL_HEALTH.ANXIETY_DISORDERS.PTSD_AFTER_A_ROAD_CRASH_TRAUMA_FOCUSED_PSYCHOLOG,0.0,tier_prior,owner_approved_2026_09_29
ZQ-0217,bank170,MENTAL_HEALTH,MENTAL_HEALTH.ANXIETY_DISORDERS,MENTAL_HEALTH.ANXIETY_DISORDERS.GENERALISED_ANXIETY_DISORDER_IN_PRIMARY_CARE_CBT,0.0,tier_prior,owner_approved_2026_09_29
ZQ-0218,bank170,MENTAL_HEALTH,MENTAL_HEALTH.PSYCHOSIS,MENTAL_HEALTH.PSYCHOSIS.SUSPECTED_AUTOIMMUNE_ANTI_NMDA_RECEPTOR_ENCEPHAL,2.0,tier_prior,owner_approved_2026_09_29
ZQ-0219,bank170,MENTAL_HEALTH,MENTAL_HEALTH.PSYCHOSIS,MENTAL_HEALTH.PSYCHOSIS.NEW_RESTLESSNESS_AFTER_STARTING_ARIPIPRAZOLE_AKA,1.0,tier_prior,owner_approved_2026_09_29
ZQ-0220,bank170,MENTAL_HEALTH,MENTAL_HEALTH.MOOD_DISORDERS,MENTAL_HEALTH.MOOD_DISORDERS.SUICIDE_RISK_ASSESSMENT_IN_A_RURAL_MAN_ASKING_AB,1.0,tier_prior,owner_approved_2026_09_29
ZQ-0221,bank170,MENTAL_HEALTH,MENTAL_HEALTH.ANXIETY_DISORDERS,MENTAL_HEALTH.ANXIETY_DISORDERS.ADOLESCENT_ANOREXIA_NERVOSA_MEETING_MEDICAL_INST,1.0,tier_prior,owner_approved_2026_09_29
ZQ-0222,bank170,MENTAL_HEALTH,MENTAL_HEALTH.SUBSTANCE_USE,MENTAL_HEALTH.SUBSTANCE_USE.BUPRENORPHINE_INDUCTION_CONFIRMING_MODERATE_OPIO,1.0,tier_prior,owner_approved_2026_09_29
ZQ-0223,bank170,MENTAL_HEALTH,MENTAL_HEALTH.SUBSTANCE_USE,MENTAL_HEALTH.SUBSTANCE_USE.CONFUSION_ATAXIA_AND_OPHTHALMOPLEGIA_IN_ALCOHOL,0.0,tier_prior,owner_approved_2026_09_29
ZQ-0224,bank170,MENTAL_HEALTH,MENTAL_HEALTH.MOOD_DISORDERS,MENTAL_HEALTH.MOOD_DISORDERS.POSTNATAL_EPDS_BELOW_THE_CUT_OFF_BUT_WITH_A_POSI,1.0,tier_prior,owner_approved_2026_09_29
ZQ-0225,bank170,MENTAL_HEALTH,MENTAL_HEALTH.MOOD_DISORDERS,MENTAL_HEALTH.MOOD_DISORDERS.MODERATE_TO_SEVERE_ADOLESCENT_DEPRESSION_WITH_PA,1.0,tier_prior,owner_approved_2026_09_29
ZQ-0226,bank170,MENTAL_HEALTH,MENTAL_HEALTH.PSYCHOSIS,MENTAL_HEALTH.PSYCHOSIS.OLDER_PERSON_WITHDRAWN_AND_DROWSY_AFTER_A_UTI_AN,1.0,tier_prior,owner_approved_2026_09_29
ZQ-0227,bank170,MENTAL_HEALTH,MENTAL_HEALTH.PSYCHOSIS,MENTAL_HEALTH.PSYCHOSIS.SEVERE_REACTION_TO_HALOPERIDOL_WITH_FLUCTUATING,1.0,tier_prior,owner_approved_2026_09_29
ZQ-0228,bank170,MENTAL_HEALTH,MENTAL_HEALTH.MOOD_DISORDERS,MENTAL_HEALTH.MOOD_DISORDERS.BORDERLINE_PERSONALITY_DISORDER_STRUCTURED_PSYCH,0.0,tier_prior,owner_approved_2026_09_29
ZQ-0229,bank170,MENTAL_HEALTH,MENTAL_HEALTH.PSYCHOSIS,MENTAL_HEALTH.PSYCHOSIS.VICTORIA_MENTAL_HEALTH_AND_WELLBEING_ACT_2022_GP,2.0,tier_prior,owner_approved_2026_09_29
ZQ-0230,bank170,MENTAL_HEALTH,MENTAL_HEALTH.MOOD_DISORDERS,MENTAL_HEALTH.MOOD_DISORDERS.CHRONIC_LITHIUM_TOXICITY_WITH_REDUCED_CONSCIOUSN,2.0,tier_prior,owner_approved_2026_09_29
ZQ-0231,bank170,MENTAL_HEALTH,MENTAL_HEALTH.PSYCHOSIS,MENTAL_HEALTH.PSYCHOSIS.AMENORRHOEA_AND_GALACTORRHOEA_ON_RISPERIDONE_EXC,1.0,tier_prior,owner_approved_2026_09_29
ZQ-0232,bank170,MENTAL_HEALTH,MENTAL_HEALTH.SUBSTANCE_USE,MENTAL_HEALTH.SUBSTANCE_USE.PREDICTING_COMPLICATED_ALCOHOL_WITHDRAWAL_ON_ADM,0.0,tier_prior,owner_approved_2026_09_29
ZQ-0233,bank170,POPULATION_HEALTH,POPULATION_HEALTH.SCREENING,POPULATION_HEALTH.SCREENING.NATIONAL_LUNG_CANCER_SCREENING_PROGRAM_ELIGIBILI,2.0,tier_prior,owner_approved_2026_09_29
ZQ-0234,bank170,POPULATION_HEALTH,POPULATION_HEALTH.EPIDEMIOLOGY,POPULATION_HEALTH.EPIDEMIOLOGY.IMPROVED_SURVIVAL_FROM_DIAGNOSIS_WITHOUT_REDUCED,1.0,tier_prior,owner_approved_2026_09_29
ZQ-0235,bank170,POPULATION_HEALTH,POPULATION_HEALTH.EPIDEMIOLOGY,POPULATION_HEALTH.EPIDEMIOLOGY.POSITIVE_PREDICTIVE_VALUE_OF_A_SCREENING_TEST_IN,0.0,tier_prior,owner_approved_2026_09_29
ZQ-0236,bank170,POPULATION_HEALTH,POPULATION_HEALTH.EPIDEMIOLOGY,POPULATION_HEALTH.EPIDEMIOLOGY.NUMBER_NEEDED_TO_TREAT_FROM_ABSOLUTE_RISK_REDUCT,0.0,tier_prior,owner_approved_2026_09_29
ZQ-0237,bank170,POPULATION_HEALTH,POPULATION_HEALTH.EPIDEMIOLOGY,POPULATION_HEALTH.EPIDEMIOLOGY.CHOOSING_A_STUDY_DESIGN_FOR_A_RARE_OUTCOME_AND_A,0.0,tier_prior,owner_approved_2026_09_29
ZQ-0238,bank170,POPULATION_HEALTH,POPULATION_HEALTH.SCREENING,POPULATION_HEALTH.SCREENING.HEPATITIS_A_IN_A_FOOD_HANDLER_EXCLUSION_PERIOD_A,1.0,tier_prior,owner_approved_2026_09_29
ZQ-0239,bank170,POPULATION_HEALTH,POPULATION_HEALTH.SCREENING,POPULATION_HEALTH.SCREENING.INVASIVE_MENINGOCOCCAL_DISEASE_IDENTIFYING_WHICH,1.0,tier_prior,owner_approved_2026_09_29
ZQ-0240,bank170,POPULATION_HEALTH,POPULATION_HEALTH.SCREENING,POPULATION_HEALTH.SCREENING.UNVACCINATED_WOMAN_AT_37_WEEKS_GESTATION_RSV_VAC,2.0,tier_prior,owner_approved_2026_09_29
ZQ-0241,bank170,POPULATION_HEALTH,POPULATION_HEALTH.ETHICS_LAW,POPULATION_HEALTH.ETHICS_LAW.REFUSAL_OF_AMPUTATION_BY_A_MAN_WITH_SCHIZOPHRENI,1.0,tier_prior,owner_approved_2026_09_29
ZQ-0242,bank170,POPULATION_HEALTH,POPULATION_HEALTH.ETHICS_LAW,POPULATION_HEALTH.ETHICS_LAW.VICTORIA_HEAVY_VEHICLE_DRIVER_WITH_ACTIVE_EPILEP,2.0,tier_prior,owner_approved_2026_09_29
ZQ-0243,bank170,POPULATION_HEALTH,POPULATION_HEALTH.ETHICS_LAW,POPULATION_HEALTH.ETHICS_LAW.OPEN_DISCLOSURE_AFTER_AN_ANTICOAGULANT_PRESCRIBI,0.0,tier_prior,owner_approved_2026_09_29
ZQ-0244,bank170,POPULATION_HEALTH,POPULATION_HEALTH.ETHICS_LAW,POPULATION_HEALTH.ETHICS_LAW.VICTORIA_AN_INSTRUCTIONAL_DIRECTIVE_REFUSING_INT,1.0,tier_prior,owner_approved_2026_09_29
ZQ-0245,bank170,POPULATION_HEALTH,POPULATION_HEALTH.ETHICS_LAW,POPULATION_HEALTH.ETHICS_LAW.CULTURALLY_SAFE_IDENTIFICATION_OF_ABORIGINAL_AND,1.0,tier_prior,owner_approved_2026_09_29
ZQ-0246,bank170,POPULATION_HEALTH,POPULATION_HEALTH.ETHICS_LAW,POPULATION_HEALTH.ETHICS_LAW.NSW_DOMESTIC_VIOLENCE_WITNESSED_BY_CHILDREN_MAND,1.0,tier_prior,owner_approved_2026_09_29
ZQ-0247,bank170,POPULATION_HEALTH,POPULATION_HEALTH.ETHICS_LAW,POPULATION_HEALTH.ETHICS_LAW.CURRENT_PATIENT_ASKS_HIS_GP_ON_A_DATE_SEXUAL_BOU,0.0,tier_prior,owner_approved_2026_09_29
ZQ-0248,bank170,POPULATION_HEALTH,POPULATION_HEALTH.ETHICS_LAW,POPULATION_HEALTH.ETHICS_LAW.MEDICAL_BOARD_CODE_TREATING_FAMILY_MEMBERS_AND_O,1.0,tier_prior,owner_approved_2026_09_29
ZQ-0249,bank170,POPULATION_HEALTH,POPULATION_HEALTH.EPIDEMIOLOGY,POPULATION_HEALTH.EPIDEMIOLOGY.INTERPRETING_AN_ODDS_RATIO_AND_CONFIDENCE_INTERV,1.0,tier_prior,owner_approved_2026_09_29
ZQ-0250,bank170,POPULATION_HEALTH,POPULATION_HEALTH.SCREENING,POPULATION_HEALTH.SCREENING.NEEDLESTICK_FROM_AN_HBSAG_POSITIVE_SOURCE_KNOWN,1.0,tier_prior,owner_approved_2026_09_29
ZQ-0251,batch01,ADULT_MEDICINE,ADULT_MEDICINE.RENAL,ADULT_MEDICINE.RENAL.HYPERKALAEMIA_WITH_ECG_CHANGES_MEMBRANE_STABILIS,-1.3,expert_prior,clinical_review_keep_2026_10_07
ZQ-0252,batch01,ADULT_MEDICINE,ADULT_MEDICINE.ENDOCRINOLOGY,ADULT_MEDICINE.ENDOCRINOLOGY.SUSPECTED_ADRENAL_CRISIS_HYDROCORTISONE_BEFORE_C,1.2,expert_prior,clinical_review_keep_2026_10_07
ZQ-0253,batch01,ADULT_MEDICINE,ADULT_MEDICINE.ENDOCRINOLOGY,ADULT_MEDICINE.ENDOCRINOLOGY.SCREENING_FOR_CUSHING_SYNDROME_IN_A_WOMAN_TAKING,1.5,expert_prior,clinical_review_keep_2026_10_07
ZQ-0254,batch01,ADULT_MEDICINE,ADULT_MEDICINE.GASTROENTEROLOGY,ADULT_MEDICINE.GASTROENTEROLOGY.CHOLESTATIC_LIVER_TESTS_WITH_NORMAL_DUCTS_IN_A_M,0.1,expert_prior,clinical_review_keep_2026_10_07
ZQ-0255,batch01,ADULT_MEDICINE,ADULT_MEDICINE.HAEMATOLOGY_ONCOLOGY,ADULT_MEDICINE.HAEMATOLOGY_ONCOLOGY.RAISED_FERRITIN_TRANSFERRIN_SATURATION_SEPARATES,1.0,expert_prior,clinical_review_keep_2026_10_07
ZQ-0256,batch01,ADULT_MEDICINE,ADULT_MEDICINE.INFECTIOUS_DISEASES,ADULT_MEDICINE.INFECTIOUS_DISEASES.CELLULITIS_WITH_A_NON_SEVERE_DELAYED_PENICILLIN,0.0,expert_prior,clinical_review_keep_2026_10_07
ZQ-0257,batch01,ADULT_MEDICINE,ADULT_MEDICINE.RESPIRATORY,ADULT_MEDICINE.RESPIRATORY.L_FGREN_SYNDROME_CLINICAL_DIAGNOSIS_WITHOUT_TISS,1.3,expert_prior,clinical_review_keep_2026_10_07
ZQ-0258,batch01,ADULT_MEDICINE,ADULT_MEDICINE.RESPIRATORY,ADULT_MEDICINE.RESPIRATORY.SUSPECTED_IDIOPATHIC_PULMONARY_FIBROSIS_HIGH_RES,0.3,expert_prior,clinical_review_keep_2026_10_07
ZQ-0259,batch01,ADULT_MEDICINE,ADULT_MEDICINE.CARDIOLOGY,ADULT_MEDICINE.CARDIOLOGY.SYSTOLIC_MURMUR_IN_A_YOUNG_ATHLETE_DYNAMIC_MANOE,0.4,expert_prior,clinical_review_keep_2026_10_07
ZQ-0260,batch01,ADULT_MEDICINE,ADULT_MEDICINE.CARDIOLOGY,ADULT_MEDICINE.CARDIOLOGY.PLEURITIC_CHEST_PAIN_WITH_WIDESPREAD_ST_ELEVATIO,-1.0,expert_prior,clinical_review_keep_2026_10_07
ZQ-0261,batch01,ADULT_MEDICINE,ADULT_MEDICINE.NEUROLOGY,ADULT_MEDICINE.NEUROLOGY.LOWER_MOTOR_NEURONE_FACIAL_PALSY_WITH_EAR_VESICL,0.2,expert_prior,clinical_review_keep_2026_10_07
ZQ-0262,batch01,ADULT_MEDICINE,ADULT_MEDICINE.NEUROLOGY,ADULT_MEDICINE.NEUROLOGY.HEADACHE_WITH_PAPILLOEDEMA_IN_A_YOUNG_WOMAN_MRI,1.6,expert_prior,clinical_review_keep_2026_10_07
ZQ-0263,batch01,ADULT_MEDICINE,ADULT_MEDICINE.HAEMATOLOGY_ONCOLOGY,ADULT_MEDICINE.HAEMATOLOGY_ONCOLOGY.RAISED_HAEMOGLOBIN_WITH_AQUAGENIC_ITCH_AND_SPLEN,0.6,expert_prior,clinical_review_keep_2026_10_07
ZQ-0264,batch01,ADULT_MEDICINE,ADULT_MEDICINE.RHEUMATOLOGY,ADULT_MEDICINE.RHEUMATOLOGY.POLYMYALGIA_RHEUMATICA_WITHOUT_FEATURES_OF_GIANT,-0.2,expert_prior,clinical_review_keep_2026_10_07
ZQ-0265,batch01,ADULT_MEDICINE,ADULT_MEDICINE.RENAL,ADULT_MEDICINE.RENAL.HIGH_ANION_GAP_ACIDOSIS_WITH_A_RAISED_OSMOLAR_GA,2.0,expert_prior,clinical_review_keep_2026_10_07
ZQ-0266,batch01,ADULT_SURGERY,ADULT_SURGERY.VASCULAR_SURGERY,ADULT_SURGERY.VASCULAR_SURGERY.ACUTE_LIMB_ISCHAEMIA_WITH_A_SALVAGEABLE_LIMB_IN,0.1,expert_prior,clinical_review_keep_2026_10_07
ZQ-0267,batch01,ADULT_SURGERY,ADULT_SURGERY.GENERAL_SURGERY,ADULT_SURGERY.GENERAL_SURGERY.PERIANAL_ABSCESS_INCISION_AND_DRAINAGE,-0.9,expert_prior,clinical_review_keep_2026_10_07
ZQ-0268,batch01,ADULT_SURGERY,ADULT_SURGERY.GENERAL_SURGERY,ADULT_SURGERY.GENERAL_SURGERY.SUSPECTED_FIRST_EPISODE_OF_ACUTE_DIVERTICULITIS,-0.1,expert_prior,clinical_review_fixed_2026_10_07
ZQ-0269,batch01,ADULT_SURGERY,ADULT_SURGERY.GENERAL_SURGERY,ADULT_SURGERY.GENERAL_SURGERY.LARGE_BOWEL_OBSTRUCTION_IN_AN_OLDER_INSTITUTIONA,0.3,expert_prior,clinical_review_keep_2026_10_07
ZQ-0270,batch01,ADULT_SURGERY,ADULT_SURGERY.ORTHOPAEDICS,ADULT_SURGERY.ORTHOPAEDICS.SUSPECTED_SCAPHOID_FRACTURE_WITH_A_NORMAL_INITIA,-1.1,expert_prior,clinical_review_fixed_2026_10_07
ZQ-0271,batch01,ADULT_SURGERY,ADULT_SURGERY.ORTHOPAEDICS,ADULT_SURGERY.ORTHOPAEDICS.OTTAWA_ANKLE_RULES_WHICH_FINDING_MANDATES_AN_ANK,-1.4,expert_prior,clinical_review_keep_2026_10_07
ZQ-0272,batch01,ADULT_SURGERY,ADULT_SURGERY.TRAUMA,ADULT_SURGERY.TRAUMA.PENETRATING_CHEST_WOUND_WITH_HYPOTENSION_RAISED,1.1,expert_prior,clinical_review_keep_2026_10_07
ZQ-0273,batch01,ADULT_SURGERY,ADULT_SURGERY.UROLOGY,ADULT_SURGERY.UROLOGY.UNCOMPLICATED_6_MM_DISTAL_URETERIC_STONE_ANALGES,-0.3,expert_prior,clinical_review_keep_2026_10_07
ZQ-0274,batch01,ADULT_SURGERY,ADULT_SURGERY.TRAUMA,ADULT_SURGERY.TRAUMA.HEAD_INJURY_WITH_A_LUCID_INTERVAL_AND_A_BICONVEX,0.5,expert_prior,clinical_review_keep_2026_10_07
ZQ-0275,batch01,ADULT_SURGERY,ADULT_SURGERY.ENT_OPHTHALMOLOGY,ADULT_SURGERY.ENT_OPHTHALMOLOGY.EXPANDING_NECK_HAEMATOMA_WITH_STRIDOR_AFTER_THYR,1.4,expert_prior,clinical_review_fixed_2026_10_07
ZQ-0276,batch01,WOMENS_HEALTH,WOMENS_HEALTH.OBSTETRICS,WOMENS_HEALTH.OBSTETRICS.GBS_POSITIVE_WOMAN_IN_LABOUR_WITH_A_NON_SEVERE_D,0.2,expert_prior,clinical_review_keep_2026_10_07
ZQ-0277,batch01,WOMENS_HEALTH,WOMENS_HEALTH.OBSTETRICS,WOMENS_HEALTH.OBSTETRICS.SHOULDER_DYSTOCIA_MCROBERTS_MANOEUVRE_FIRST,-0.8,expert_prior,clinical_review_keep_2026_10_07
ZQ-0278,batch01,WOMENS_HEALTH,WOMENS_HEALTH.OBSTETRICS,WOMENS_HEALTH.OBSTETRICS.ITCH_OF_PALMS_AND_SOLES_IN_THE_THIRD_TRIMESTER_S,0.0,expert_prior,clinical_review_keep_2026_10_07
ZQ-0279,batch01,WOMENS_HEALTH,WOMENS_HEALTH.GYNAECOLOGY,WOMENS_HEALTH.GYNAECOLOGY.EARLY_PREGNANCY_BLEEDING_VERY_HIGH_HCG_AND_A_SNO,1.0,expert_prior,clinical_review_keep_2026_10_07
ZQ-0280,batch01,WOMENS_HEALTH,WOMENS_HEALTH.GYNAECOLOGY,WOMENS_HEALTH.GYNAECOLOGY.VULVOVAGINAL_CANDIDIASIS_IN_PREGNANCY_TOPICAL_AZ,-0.2,expert_prior,clinical_review_keep_2026_10_07
ZQ-0281,batch01,WOMENS_HEALTH,WOMENS_HEALTH.OBSTETRICS,WOMENS_HEALTH.OBSTETRICS.DECREASED_FETAL_MOVEMENTS_AT_34_WEEKS_SAME_DAY_A,-1.0,expert_prior,clinical_review_keep_2026_10_07
ZQ-0282,batch01,CHILD_HEALTH,CHILD_HEALTH.PAEDIATRIC_MEDICINE,CHILD_HEALTH.PAEDIATRIC_MEDICINE.EPISODIC_INCONSOLABLE_CRYING_WITH_PALLOR_AND_LET,-0.2,expert_prior,clinical_review_keep_2026_10_07
ZQ-0283,batch01,CHILD_HEALTH,CHILD_HEALTH.NEONATOLOGY,CHILD_HEALTH.NEONATOLOGY.PYLORIC_STENOSIS_WITH_HYPOCHLORAEMIC_ALKALOSIS_C,1.3,expert_prior,clinical_review_fixed_2026_10_07
ZQ-0284,batch01,CHILD_HEALTH,CHILD_HEALTH.PAEDIATRIC_MEDICINE,CHILD_HEALTH.PAEDIATRIC_MEDICINE.FEVER_WITHOUT_A_SOURCE_IN_A_NON_TOILET_TRAINED_I,0.2,expert_prior,clinical_review_keep_2026_10_07
ZQ-0285,batch01,CHILD_HEALTH,CHILD_HEALTH.ORTHOPAEDICS,CHILD_HEALTH.ORTHOPAEDICS.KNEE_PAIN_AND_LIMP_IN_AN_OVERWEIGHT_ADOLESCENT_W,0.4,expert_prior,clinical_review_keep_2026_10_07
ZQ-0286,batch01,CHILD_HEALTH,CHILD_HEALTH.PAEDIATRIC_MEDICINE,CHILD_HEALTH.PAEDIATRIC_MEDICINE.PALE_TODDLER_DRINKING_LARGE_VOLUMES_OF_COW_S_MIL,-1.2,expert_prior,clinical_review_keep_2026_10_07
ZQ-0287,batch01,CHILD_HEALTH,CHILD_HEALTH.PAEDIATRIC_MEDICINE,CHILD_HEALTH.PAEDIATRIC_MEDICINE.IGA_VASCULITIS_HENOCH_SCH_NLEIN_PURPURA_URINALYS,0.9,expert_prior,clinical_review_fixed_2026_10_07
ZQ-0288,batch01,MENTAL_HEALTH,MENTAL_HEALTH.MOOD_DISORDERS,MENTAL_HEALTH.MOOD_DISORDERS.BEFORE_STARTING_LITHIUM_BASELINE_RENAL_THYROID_A,-0.1,expert_prior,clinical_review_keep_2026_10_07
ZQ-0289,batch01,MENTAL_HEALTH,MENTAL_HEALTH.ANXIETY_DISORDERS,MENTAL_HEALTH.ANXIETY_DISORDERS.OCD_WITH_A_PARTIAL_RESPONSE_TO_LOW_DOSE_SSRI_INC,0.3,expert_prior,clinical_review_fixed_2026_10_07
ZQ-0290,batch01,MENTAL_HEALTH,MENTAL_HEALTH.MOOD_DISORDERS,MENTAL_HEALTH.MOOD_DISORDERS.COGNITIVE_IMPAIRMENT_IN_AN_OLDER_PERSON_FEATURES,1.5,expert_prior,clinical_review_fixed_2026_10_07
ZQ-0291,batch01,MENTAL_HEALTH,MENTAL_HEALTH.PSYCHOSIS,MENTAL_HEALTH.PSYCHOSIS.STARTING_OLANZAPINE_IN_FIRST_EPISODE_PSYCHOSIS_B,0.0,expert_prior,clinical_review_fixed_2026_10_07
ZQ-0292,batch01,MENTAL_HEALTH,MENTAL_HEALTH.PSYCHOSIS,MENTAL_HEALTH.PSYCHOSIS.INSOMNIA_AGITATION_DELUSIONS_ABOUT_THE_BABY_AND,0.1,expert_prior,clinical_review_keep_2026_10_07
ZQ-0293,batch01,MENTAL_HEALTH,MENTAL_HEALTH.ANXIETY_DISORDERS,MENTAL_HEALTH.ANXIETY_DISORDERS.CHRONIC_INSOMNIA_DISORDER_IN_PRIMARY_CARE_CBT_FO,-0.7,expert_prior,clinical_review_keep_2026_10_07
ZQ-0294,batch01,POPULATION_HEALTH,POPULATION_HEALTH.EPIDEMIOLOGY,POPULATION_HEALTH.EPIDEMIOLOGY.CALCULATING_SENSITIVITY_AND_SPECIFICITY_FROM_A_2,0.5,expert_prior,clinical_review_keep_2026_10_07
ZQ-0295,batch01,POPULATION_HEALTH,POPULATION_HEALTH.EPIDEMIOLOGY,POPULATION_HEALTH.EPIDEMIOLOGY.AN_ASSOCIATION_THAT_DISAPPEARS_AFTER_STRATIFICAT,1.4,expert_prior,clinical_review_keep_2026_10_07
ZQ-0296,batch01,POPULATION_HEALTH,POPULATION_HEALTH.SCREENING,POPULATION_HEALTH.SCREENING.FUNDED_RECOMBINANT_ZOSTER_VACCINE_FOR_AN_ABORIGI,1.1,expert_prior,clinical_review_fixed_2026_10_07
ZQ-0297,batch01,POPULATION_HEALTH,POPULATION_HEALTH.ETHICS_LAW,POPULATION_HEALTH.ETHICS_LAW.A_15_YEAR_OLD_REQUESTING_CONTRACEPTION_WITHOUT_P,0.3,expert_prior,clinical_review_fixed_2026_10_07
ZQ-0298,batch01,POPULATION_HEALTH,POPULATION_HEALTH.ETHICS_LAW,POPULATION_HEALTH.ETHICS_LAW.NEW_HIV_DIAGNOSIS_WITH_REFUSAL_TO_INFORM_A_REGUL,1.8,expert_prior,clinical_review_fixed_2026_10_07
ZQ-0299,batch01,POPULATION_HEALTH,POPULATION_HEALTH.ETHICS_LAW,POPULATION_HEALTH.ETHICS_LAW.GYNAECOLOGICAL_HISTORY_FROM_A_PATIENT_WITH_LIMIT,-1.2,expert_prior,clinical_review_fixed_2026_10_07
ZQ-0300,batch01,POPULATION_HEALTH,POPULATION_HEALTH.SCREENING,POPULATION_HEALTH.SCREENING.POSITIVE_IFOBT_IN_THE_NATIONAL_BOWEL_CANCER_SCRE,-0.4,expert_prior,clinical_review_fixed_2026_10_07
ZQ-0301,batch02,ADULT_MEDICINE,ADULT_MEDICINE.ENDOCRINOLOGY,ADULT_MEDICINE.ENDOCRINOLOGY.HYPERGLYCAEMIC_EMERGENCY_HHS_RATHER_THAN_DKA,1.2,expert_prior,clinical_review_keep_2026_10_07
ZQ-0302,batch02,ADULT_MEDICINE,ADULT_MEDICINE.ENDOCRINOLOGY,ADULT_MEDICINE.ENDOCRINOLOGY.SULFONYLUREA_OVERDOSE_OCTREOTIDE_FOR_RECURRENT_H,0.5,expert_prior,clinical_review_keep_2026_10_07
ZQ-0303,batch02,ADULT_MEDICINE,ADULT_MEDICINE.GASTROENTEROLOGY,ADULT_MEDICINE.GASTROENTEROLOGY.CHRONIC_HEPATITIS_C_HEPATITIS_B_SEROLOGY_BEFORE,0.1,expert_prior,clinical_review_fixed_2026_10_07
ZQ-0304,batch02,ADULT_MEDICINE,ADULT_MEDICINE.NEUROLOGY,ADULT_MEDICINE.NEUROLOGY.FATIGABLE_PTOSIS_AND_DIPLOPIA_ACHR_ANTIBODY,0.2,expert_prior,clinical_review_keep_2026_10_07
ZQ-0305,batch02,ADULT_MEDICINE,ADULT_MEDICINE.NEUROLOGY,ADULT_MEDICINE.NEUROLOGY.OPTIC_NEURITIS_MRI_PREDICTS_MS_RISK,1.1,expert_prior,clinical_review_keep_2026_10_07
ZQ-0306,batch02,ADULT_MEDICINE,ADULT_MEDICINE.NEUROLOGY,ADULT_MEDICINE.NEUROLOGY.DRUG_INDUCED_PARKINSONISM_FROM_METOCLOPRAMIDE,-0.9,expert_prior,clinical_review_keep_2026_10_07
ZQ-0307,batch02,ADULT_MEDICINE,ADULT_MEDICINE.RESPIRATORY,ADULT_MEDICINE.RESPIRATORY.COPD_EXACERBATION_TARGET_SPO2_88_92,-1.0,expert_prior,clinical_review_keep_2026_10_07
ZQ-0308,batch02,ADULT_MEDICINE,ADULT_MEDICINE.INFECTIOUS_DISEASES,ADULT_MEDICINE.INFECTIOUS_DISEASES.PHARYNGEAL_GONORRHOEA_TIMING_OF_TEST_OF_CURE,0.6,expert_prior,clinical_review_keep_2026_10_07
ZQ-0309,batch02,ADULT_MEDICINE,ADULT_MEDICINE.CARDIOLOGY,ADULT_MEDICINE.CARDIOLOGY.TORSADES_DE_POINTES_IV_MAGNESIUM,0.4,expert_prior,clinical_review_fixed_2026_10_07
ZQ-0310,batch02,ADULT_MEDICINE,ADULT_MEDICINE.RENAL,ADULT_MEDICINE.RENAL.NEPHROTIC_SYNDROME_IN_AN_ADULT_ANTI_PLA2R_AND_ME,1.4,expert_prior,clinical_review_keep_2026_10_07
ZQ-0311,batch02,ADULT_MEDICINE,ADULT_MEDICINE.ENDOCRINOLOGY,ADULT_MEDICINE.ENDOCRINOLOGY.MILDLY_RAISED_PROLACTIN_WITHOUT_SYMPTOMS_CHECK_F,0.3,expert_prior,clinical_review_fixed_2026_10_07
ZQ-0312,batch02,ADULT_MEDICINE,ADULT_MEDICINE.HAEMATOLOGY_ONCOLOGY,ADULT_MEDICINE.HAEMATOLOGY_ONCOLOGY.LONG_TERM_METFORMIN_VITAMIN_B12_DEFICIENCY,-0.7,expert_prior,clinical_review_fixed_2026_10_07
ZQ-0313,batch02,ADULT_MEDICINE,ADULT_MEDICINE.ENT_OPHTHALMOLOGY,ADULT_MEDICINE.ENT_OPHTHALMOLOGY.HERPES_ZOSTER_OPHTHALMICUS_HUTCHINSON_SIGN,0.0,expert_prior,clinical_review_fixed_2026_10_07
ZQ-0314,batch02,ADULT_MEDICINE,ADULT_MEDICINE.INFECTIOUS_DISEASES,ADULT_MEDICINE.INFECTIOUS_DISEASES.MYCOPLASMA_GENITALIUM_MACROLIDE_RESISTANCE_TESTI,1.3,expert_prior,clinical_review_fixed_2026_10_07
ZQ-0315,batch02,ADULT_MEDICINE,ADULT_MEDICINE.CARDIOLOGY,ADULT_MEDICINE.CARDIOLOGY.SEVERE_AORTIC_STENOSIS_EXERTIONAL_SYNCOPE_AS_SYM,1.6,expert_prior,clinical_review_fixed_2026_10_07
ZQ-0316,batch02,ADULT_SURGERY,ADULT_SURGERY.GENERAL_SURGERY,ADULT_SURGERY.GENERAL_SURGERY.SUSPECTED_ACUTE_PANCREATITIS_SERUM_LIPASE_AS_THE,-0.8,expert_prior,clinical_review_keep_2026_10_07
ZQ-0317,batch02,ADULT_SURGERY,ADULT_SURGERY.UROLOGY,ADULT_SURGERY.UROLOGY.RAISED_PSA_MPMRI_BEFORE_BIOPSY,0.2,expert_prior,clinical_review_keep_2026_10_07
ZQ-0318,batch02,ADULT_SURGERY,ADULT_SURGERY.TRAUMA,ADULT_SURGERY.TRAUMA.STABLE_BLUNT_SPLENIC_INJURY_CT_WITH_ARTERIAL_AND,0.5,expert_prior,clinical_review_fixed_2026_10_07
ZQ-0319,batch02,ADULT_SURGERY,ADULT_SURGERY.TRAUMA,ADULT_SURGERY.TRAUMA.TENSION_PNEUMOTHORAX_IMMEDIATE_DECOMPRESSION,-0.6,expert_prior,clinical_review_keep_2026_10_07
ZQ-0320,batch02,ADULT_SURGERY,ADULT_SURGERY.ORTHOPAEDICS,ADULT_SURGERY.ORTHOPAEDICS.ANTERIOR_SHOULDER_DISLOCATION_AXILLARY_NERVE_CHE,0.1,expert_prior,clinical_review_fixed_2026_10_07
ZQ-0321,batch02,ADULT_SURGERY,ADULT_SURGERY.VASCULAR_SURGERY,ADULT_SURGERY.VASCULAR_SURGERY.SUSPECTED_RUPTURED_AAA_PERMISSIVE_HYPOTENSION_AN,1.5,expert_prior,clinical_review_fixed_2026_10_07
ZQ-0322,batch02,ADULT_SURGERY,ADULT_SURGERY.UROLOGY,ADULT_SURGERY.UROLOGY.EPIDIDYMO_ORCHITIS_IN_A_YOUNG_MAN_FIRST_PASS_URI,0.4,expert_prior,clinical_review_fixed_2026_10_07
ZQ-0323,batch02,ADULT_SURGERY,ADULT_SURGERY.GENERAL_SURGERY,ADULT_SURGERY.GENERAL_SURGERY.PERFORATED_PEPTIC_ULCER_FREE_SUBDIAPHRAGMATIC_GA,0.3,expert_prior,clinical_review_keep_2026_10_07
ZQ-0324,batch02,ADULT_SURGERY,ADULT_SURGERY.ENT_OPHTHALMOLOGY,ADULT_SURGERY.ENT_OPHTHALMOLOGY.PERITONSILLAR_ABSCESS_DRAINAGE_PLUS_ANTIBIOTICS,0.9,expert_prior,clinical_review_fixed_2026_10_07
ZQ-0325,batch02,ADULT_SURGERY,ADULT_SURGERY.RENAL,ADULT_SURGERY.RENAL.POST_OPERATIVE_OLIGURIA_PRERENAL_PATTERN,1.0,expert_prior,clinical_review_fixed_2026_10_07
ZQ-0326,batch02,WOMENS_HEALTH,WOMENS_HEALTH.OBSTETRICS,WOMENS_HEALTH.OBSTETRICS.HYPEREMESIS_GRAVIDARUM_THIAMINE_BEFORE_GLUCOSE,0.3,expert_prior,clinical_review_fixed_2026_10_07
ZQ-0327,batch02,WOMENS_HEALTH,WOMENS_HEALTH.GYNAECOLOGY,WOMENS_HEALTH.GYNAECOLOGY.SUSPECTED_OVARIAN_TORSION_WITH_A_LARGE_CYST_URGE,-0.8,expert_prior,clinical_review_fixed_2026_10_07
ZQ-0328,batch02,WOMENS_HEALTH,WOMENS_HEALTH.GYNAECOLOGY,WOMENS_HEALTH.GYNAECOLOGY.SUSPECTED_ENDOMETRIOSIS_TRANSVAGINAL_ULTRASOUND,0.2,expert_prior,clinical_review_keep_2026_10_07
ZQ-0329,batch02,WOMENS_HEALTH,WOMENS_HEALTH.GYNAECOLOGY,WOMENS_HEALTH.GYNAECOLOGY.MISSED_COMBINED_PILLS_IN_WEEK_1_WITH_UNPROTECTED,0.6,expert_prior,clinical_review_fixed_2026_10_07
ZQ-0330,batch02,WOMENS_HEALTH,WOMENS_HEALTH.OBSTETRICS,WOMENS_HEALTH.OBSTETRICS.MAGNESIUM_SULFATE_FOR_FETAL_NEUROPROTECTION_BEFO,1.2,expert_prior,clinical_review_fixed_2026_10_07
ZQ-0331,batch02,WOMENS_HEALTH,WOMENS_HEALTH.GYNAECOLOGY,WOMENS_HEALTH.GYNAECOLOGY.STRESS_URINARY_INCONTINENCE_SUPERVISED_PELVIC_FL,-0.2,expert_prior,clinical_review_fixed_2026_10_07
ZQ-0332,batch02,WOMENS_HEALTH,WOMENS_HEALTH.OBSTETRICS,WOMENS_HEALTH.OBSTETRICS.RECURRENT_MISCARRIAGE_ANTIPHOSPHOLIPID_ANTIBODY,1.0,expert_prior,clinical_review_fixed_2026_10_07
ZQ-0333,batch02,CHILD_HEALTH,CHILD_HEALTH.PAEDIATRIC_MEDICINE,CHILD_HEALTH.PAEDIATRIC_MEDICINE.MILD_CROUP_WITH_STRIDOR_AT_REST_ORAL_DEXAMETHASO,-1.2,expert_prior,clinical_review_fixed_2026_10_07
ZQ-0334,batch02,CHILD_HEALTH,CHILD_HEALTH.PAEDIATRIC_MEDICINE,CHILD_HEALTH.PAEDIATRIC_MEDICINE.SIMPLE_FEBRILE_SEIZURE_NO_ROUTINE_INVESTIGATIONS,-0.3,expert_prior,clinical_review_fixed_2026_10_07
ZQ-0335,batch02,CHILD_HEALTH,CHILD_HEALTH.RENAL,CHILD_HEALTH.RENAL.FIRST_PRESENTATION_OF_NEPHROTIC_SYNDROME_PREDNIS,0.4,expert_prior,clinical_review_fixed_2026_10_07
ZQ-0336,batch02,CHILD_HEALTH,CHILD_HEALTH.NEONATOLOGY,CHILD_HEALTH.NEONATOLOGY.PROLONGED_JAUNDICE_CONJUGATED_BILIRUBIN_AND_BILI,1.3,expert_prior,clinical_review_fixed_2026_10_07
ZQ-0337,batch02,CHILD_HEALTH,CHILD_HEALTH.ORTHOPAEDICS,CHILD_HEALTH.ORTHOPAEDICS.LIMPING_FEBRILE_CHILD_SEPTIC_ARTHRITIS_VS_TRANSI,0.5,expert_prior,clinical_review_fixed_2026_10_07
ZQ-0338,batch02,CHILD_HEALTH,CHILD_HEALTH.PAEDIATRIC_MEDICINE,CHILD_HEALTH.PAEDIATRIC_MEDICINE.ANAPHYLAXIS_WITH_WHEEZE_IN_AN_ASTHMATIC_CHILD_AD,0.0,expert_prior,clinical_review_fixed_2026_10_07
ZQ-0339,batch02,MENTAL_HEALTH,MENTAL_HEALTH.ANXIETY_DISORDERS,MENTAL_HEALTH.ANXIETY_DISORDERS.PANIC_DISORDER_CBT_FIRST_LINE,-1.1,expert_prior,clinical_review_fixed_2026_10_07
ZQ-0340,batch02,MENTAL_HEALTH,MENTAL_HEALTH.PSYCHOSIS,MENTAL_HEALTH.PSYCHOSIS.RECOGNISING_TREATMENT_RESISTANT_SCHIZOPHRENIA,1.3,expert_prior,clinical_review_fixed_2026_10_07
ZQ-0341,batch02,MENTAL_HEALTH,MENTAL_HEALTH.NEUROLOGY,MENTAL_HEALTH.NEUROLOGY.FUNCTIONAL_NEUROLOGICAL_DISORDER_POSITIVE_HOOVER,0.6,expert_prior,clinical_review_fixed_2026_10_07
ZQ-0342,batch02,MENTAL_HEALTH,MENTAL_HEALTH.EATING_DISORDERS,MENTAL_HEALTH.EATING_DISORDERS.BULIMIA_NERVOSA_CHECK_POTASSIUM,0.4,expert_prior,clinical_review_fixed_2026_10_07
ZQ-0343,batch02,MENTAL_HEALTH,MENTAL_HEALTH.COGNITIVE_DISORDERS,MENTAL_HEALTH.COGNITIVE_DISORDERS.NEW_AGITATION_IN_DEMENTIA_ASSESS_FOR_DELIRIUM_PA,0.2,expert_prior,clinical_review_fixed_2026_10_07
ZQ-0344,batch02,MENTAL_HEALTH,MENTAL_HEALTH.SUBSTANCE_USE,MENTAL_HEALTH.SUBSTANCE_USE.LONG_TERM_BENZODIAZEPINE_USE_GRADUAL_TAPER,1.0,expert_prior,clinical_review_fixed_2026_10_07
ZQ-0345,batch02,POPULATION_HEALTH,POPULATION_HEALTH.EPIDEMIOLOGY,POPULATION_HEALTH.EPIDEMIOLOGY.POSITIVE_LIKELIHOOD_RATIO_FROM_SENSITIVITY_AND_S,0.4,expert_prior,clinical_review_fixed_2026_10_07
ZQ-0346,batch02,POPULATION_HEALTH,POPULATION_HEALTH.EPIDEMIOLOGY,POPULATION_HEALTH.EPIDEMIOLOGY.RECALL_BIAS_IN_A_CASE_CONTROL_STUDY,0.3,expert_prior,clinical_review_fixed_2026_10_07
ZQ-0347,batch02,POPULATION_HEALTH,POPULATION_HEALTH.EPIDEMIOLOGY,POPULATION_HEALTH.EPIDEMIOLOGY.RELATIVE_RISK_CALCULATION_FROM_A_COHORT,-0.9,expert_prior,clinical_review_fixed_2026_10_07
ZQ-0348,batch02,POPULATION_HEALTH,POPULATION_HEALTH.ETHICS_LAW,POPULATION_HEALTH.ETHICS_LAW.SUSPECTED_MEASLES_NOTIFY_THE_PUBLIC_HEALTH_UNIT,0.5,expert_prior,clinical_review_fixed_2026_10_07
ZQ-0349,batch02,POPULATION_HEALTH,POPULATION_HEALTH.SCREENING,POPULATION_HEALTH.SCREENING.BREASTSCREEN_ELIGIBILITY_SYMPTOMATIC_WOMAN_NEEDS,-0.7,expert_prior,clinical_review_fixed_2026_10_07
ZQ-0350,batch02,POPULATION_HEALTH,POPULATION_HEALTH.SCREENING,POPULATION_HEALTH.SCREENING.Q_FEVER_VACCINATION_PRE_VACCINATION_SCREENING,1.1,expert_prior,clinical_review_fixed_2026_10_07
ZQ-0351,batch03,ADULT_MEDICINE,ADULT_MEDICINE.CARDIOLOGY,ADULT_MEDICINE.CARDIOLOGY.SYMPTOMATIC_BRADYCARDIA_IV_ATROPINE_FIRST,-1.1,expert_prior,clinical_review_keep_2026_10_07
ZQ-0352,batch03,ADULT_MEDICINE,ADULT_MEDICINE.CARDIOLOGY,ADULT_MEDICINE.CARDIOLOGY.REGULAR_NARROW_COMPLEX_TACHYCARDIA_ADENOSINE_UNM,0.3,expert_prior,clinical_review_fixed_2026_10_07
ZQ-0353,batch03,ADULT_MEDICINE,ADULT_MEDICINE.CARDIOLOGY,ADULT_MEDICINE.CARDIOLOGY.IRREGULAR_BROAD_COMPLEX_TACHYCARDIA_IN_WPW_AVOID,1.5,expert_prior,clinical_review_fixed_2026_10_07
ZQ-0354,batch03,ADULT_MEDICINE,ADULT_MEDICINE.CARDIOLOGY,ADULT_MEDICINE.CARDIOLOGY.AF_FOR_MORE_THAN_48_HOURS_TOE_BEFORE_EARLY_CARDI,0.4,expert_prior,clinical_review_fixed_2026_10_07
ZQ-0355,batch03,ADULT_MEDICINE,ADULT_MEDICINE.GASTROENTEROLOGY,ADULT_MEDICINE.GASTROENTEROLOGY.HEPATITIS_C_CURE_HCV_RNA_AT_LEAST_12_WEEKS_AFTER,-0.2,expert_prior,clinical_review_fixed_2026_10_07
ZQ-0356,batch03,ADULT_MEDICINE,ADULT_MEDICINE.GASTROENTEROLOGY,ADULT_MEDICINE.GASTROENTEROLOGY.POSITIVE_HCV_ANTIBODY_AFTER_DOCUMENTED_CURE,0.5,expert_prior,clinical_review_fixed_2026_10_07
ZQ-0357,batch03,ADULT_MEDICINE,ADULT_MEDICINE.INFECTIOUS_DISEASES,ADULT_MEDICINE.INFECTIOUS_DISEASES.TREATED_CHLAMYDIA_RETEST_FOR_REINFECTION_AT_3_MO,-0.9,expert_prior,clinical_review_keep_2026_10_07
ZQ-0358,batch03,ADULT_MEDICINE,ADULT_MEDICINE.HAEMATOLOGY_ONCOLOGY,ADULT_MEDICINE.HAEMATOLOGY_ONCOLOGY.VITAMIN_B12_DEFICIENCY_ANTI_INTRINSIC_FACTOR_ANT,0.2,expert_prior,clinical_review_fixed_2026_10_07
ZQ-0359,batch03,ADULT_MEDICINE,ADULT_MEDICINE.RENAL,ADULT_MEDICINE.RENAL.STAGING_ACUTE_KIDNEY_INJURY_BY_KDIGO_CRITERIA,0.1,expert_prior,clinical_review_fixed_2026_10_07
ZQ-0360,batch03,ADULT_MEDICINE,ADULT_MEDICINE.INFECTIOUS_DISEASES,ADULT_MEDICINE.INFECTIOUS_DISEASES.PERSISTENT_HEPATITIS_B_VACCINE_NON_RESPONDER_AFT,1.2,expert_prior,clinical_review_fixed_2026_10_07
ZQ-0361,batch03,ADULT_MEDICINE,ADULT_MEDICINE.CARDIOLOGY,ADULT_MEDICINE.CARDIOLOGY.CHRONIC_DIGOXIN_TOXICITY_WITH_COMPROMISE_DIGOXIN,1.4,expert_prior,clinical_review_keep_2026_10_07
ZQ-0362,batch03,ADULT_MEDICINE,ADULT_MEDICINE.RESPIRATORY,ADULT_MEDICINE.RESPIRATORY.INFECTIVE_COPD_EXACERBATION_5_DAYS_OF_AMOXYCILLI,-0.8,expert_prior,clinical_review_fixed_2026_10_07
ZQ-0363,batch03,ADULT_MEDICINE,ADULT_MEDICINE.RESPIRATORY,ADULT_MEDICINE.RESPIRATORY.COPD_EXACERBATION_WITHOUT_INFECTIVE_FEATURES_CON,1.0,expert_prior,clinical_review_fixed_2026_10_07
ZQ-0364,batch03,ADULT_MEDICINE,ADULT_MEDICINE.INFECTIOUS_DISEASES,ADULT_MEDICINE.INFECTIOUS_DISEASES.HEPATITIS_B_VACCINE_NO_RESPONSE_AFTER_A_BOOSTER,1.1,expert_prior,clinical_review_fixed_2026_10_07
ZQ-0365,batch03,ADULT_MEDICINE,ADULT_MEDICINE.NEUROLOGY,ADULT_MEDICINE.NEUROLOGY.TARDIVE_DYSKINESIA_AFTER_ANTIEMETIC_EXPOSURE_IN,0.6,expert_prior,clinical_review_keep_2026_10_07
ZQ-0366,batch03,ADULT_SURGERY,ADULT_SURGERY.GENERAL_SURGERY,ADULT_SURGERY.GENERAL_SURGERY.PLANNED_SPLENECTOMY_COMPLETE_VACCINES_AT_LEAST_2,0.0,expert_prior,clinical_review_fixed_2026_10_07
ZQ-0367,batch03,ADULT_SURGERY,ADULT_SURGERY.GENERAL_SURGERY,ADULT_SURGERY.GENERAL_SURGERY.EMERGENCY_SPLENECTOMY_VACCINATE_BEFORE_DISCHARGE,0.6,expert_prior,clinical_review_fixed_2026_10_07
ZQ-0368,batch03,ADULT_SURGERY,ADULT_SURGERY.TRAUMA,ADULT_SURGERY.TRAUMA.HIGH_GRADE_BLUNT_SPLENIC_INJURY_MANAGED_NON_OPER,1.3,expert_prior,clinical_review_keep_2026_10_07
ZQ-0369,batch03,ADULT_SURGERY,ADULT_SURGERY.UROLOGY,ADULT_SURGERY.UROLOGY.RAISED_PSA_WITH_PI_RADS_3_LESION_AND_LOW_PSA_DEN,1.6,expert_prior,clinical_review_fixed_2026_10_07
ZQ-0370,batch03,ADULT_SURGERY,ADULT_SURGERY.UROLOGY,ADULT_SURGERY.UROLOGY.HIGHER_RISK_MAN_PSA_TESTING_EVERY_2_YEARS_FROM_A,0.3,expert_prior,clinical_review_fixed_2026_10_07
ZQ-0371,batch03,ADULT_SURGERY,ADULT_SURGERY.UROLOGY,ADULT_SURGERY.UROLOGY.FIRST_RAISED_PSA_REPEAT_WITHIN_1_3_MONTHS_BEFORE,-0.3,expert_prior,clinical_review_fixed_2026_10_07
ZQ-0372,batch03,ADULT_SURGERY,ADULT_SURGERY.GENERAL_SURGERY,ADULT_SURGERY.GENERAL_SURGERY.ACUTE_PANCREATITIS_SEVERITY_CRP_AT_48_HOURS_NOT,1.1,expert_prior,clinical_review_fixed_2026_10_07
ZQ-0373,batch03,ADULT_SURGERY,ADULT_SURGERY.TRAUMA,ADULT_SURGERY.TRAUMA.LIFE_THREATENING_LIMB_BLEEDING_NOT_CONTROLLED_BY,-1.2,expert_prior,clinical_review_fixed_2026_10_07
ZQ-0374,batch03,ADULT_SURGERY,ADULT_SURGERY.TRAUMA,ADULT_SURGERY.TRAUMA.THERMAL_BURN_FIRST_AID_AT_LEAST_20_MINUTES_OF_CO,-1.0,expert_prior,clinical_review_fixed_2026_10_07
ZQ-0376,batch03,WOMENS_HEALTH,WOMENS_HEALTH.OBSTETRICS,WOMENS_HEALTH.OBSTETRICS.PERTUSSIS_VACCINE_IN_EACH_PREGNANCY_AT_20_32_WEE,-1.3,expert_prior,clinical_review_fixed_2026_10_07
ZQ-0377,batch03,WOMENS_HEALTH,WOMENS_HEALTH.OBSTETRICS,WOMENS_HEALTH.OBSTETRICS.CHLAMYDIA_IN_PREGNANCY_TEST_OF_CURE_AT_LEAST_4_W,0.2,expert_prior,clinical_review_fixed_2026_10_07
ZQ-0378,batch03,WOMENS_HEALTH,WOMENS_HEALTH.GYNAECOLOGY,WOMENS_HEALTH.GYNAECOLOGY.SUSPECTED_TRICHOMONIASIS_NAAT_IS_THE_DIAGNOSTIC,0.5,expert_prior,clinical_review_fixed_2026_10_07
ZQ-0379,batch03,WOMENS_HEALTH,WOMENS_HEALTH.GYNAECOLOGY,WOMENS_HEALTH.GYNAECOLOGY.INCIDENTAL_SIMPLE_OVARIAN_CYST_UNDER_5_CM_IN_A_P,0.0,expert_prior,clinical_review_fixed_2026_10_07
ZQ-0380,batch03,WOMENS_HEALTH,WOMENS_HEALTH.GYNAECOLOGY,WOMENS_HEALTH.GYNAECOLOGY.INTERPRETING_VAGINAL_DISCHARGE_FINDINGS_BACTERIA,0.9,expert_prior,clinical_review_keep_2026_10_07
ZQ-0381,batch03,WOMENS_HEALTH,WOMENS_HEALTH.GYNAECOLOGY,WOMENS_HEALTH.GYNAECOLOGY.WHEN_TO_MEASURE_CA_125_IN_A_PREMENOPAUSAL_WOMAN,1.2,expert_prior,clinical_review_fixed_2026_10_07
ZQ-0382,batch03,CHILD_HEALTH,CHILD_HEALTH.PAEDIATRIC_MEDICINE,CHILD_HEALTH.PAEDIATRIC_MEDICINE.GASTROENTERITIS_NASOGASTRIC_REHYDRATION_WHEN_ORA,-0.7,expert_prior,clinical_review_fixed_2026_10_07
ZQ-0383,batch03,CHILD_HEALTH,CHILD_HEALTH.PAEDIATRIC_MEDICINE,CHILD_HEALTH.PAEDIATRIC_MEDICINE.ONDANSETRON_DOSE_BY_WEIGHT_IN_PAEDIATRIC_GASTROE,-0.1,expert_prior,clinical_review_fixed_2026_10_07
ZQ-0384,batch03,CHILD_HEALTH,CHILD_HEALTH.PAEDIATRIC_MEDICINE,CHILD_HEALTH.PAEDIATRIC_MEDICINE.UNCOMPLICATED_ACUTE_OTITIS_MEDIA_ANALGESIA_WITHO,-0.3,expert_prior,clinical_review_fixed_2026_10_07
ZQ-0385,batch03,CHILD_HEALTH,CHILD_HEALTH.PAEDIATRIC_MEDICINE,CHILD_HEALTH.PAEDIATRIC_MEDICINE.FAECAL_IMPACTION_ORAL_MACROGOL_DISIMPACTION_THEN,0.3,expert_prior,clinical_review_fixed_2026_10_07
ZQ-0386,batch03,CHILD_HEALTH,CHILD_HEALTH.PAEDIATRIC_MEDICINE,CHILD_HEALTH.PAEDIATRIC_MEDICINE.MOST_ACCURATE_ASSESSMENT_OF_DEHYDRATION_CHANGE_I,0.1,expert_prior,clinical_review_fixed_2026_10_07
ZQ-0387,batch03,CHILD_HEALTH,CHILD_HEALTH.PAEDIATRIC_MEDICINE,CHILD_HEALTH.PAEDIATRIC_MEDICINE.MINOR_HEAD_INJURY_IN_A_CHILD_OBSERVATION_VERSUS,0.9,expert_prior,clinical_review_fixed_2026_10_07
ZQ-0388,batch03,CHILD_HEALTH,CHILD_HEALTH.PAEDIATRIC_MEDICINE,CHILD_HEALTH.PAEDIATRIC_MEDICINE.ECZEMA_HERPETICUM_AN_EMERGENCY_NEEDING_PROMPT_AN,1.0,expert_prior,clinical_review_fixed_2026_10_07
ZQ-0389,batch03,MENTAL_HEALTH,MENTAL_HEALTH.PSYCHOSIS,MENTAL_HEALTH.PSYCHOSIS.CLOZAPINE_REVIEW_IN_PRIMARY_CARE_ACTIVELY_ASK_AB,0.2,expert_prior,clinical_review_fixed_2026_10_07
ZQ-0390,batch03,MENTAL_HEALTH,MENTAL_HEALTH.MOOD_DISORDERS,MENTAL_HEALTH.MOOD_DISORDERS.RECOGNISING_ANTIDEPRESSANT_WITHDRAWAL_AFTER_ABRU,0.4,expert_prior,clinical_review_fixed_2026_10_07
ZQ-0391,batch03,MENTAL_HEALTH,MENTAL_HEALTH.MOOD_DISORDERS,MENTAL_HEALTH.MOOD_DISORDERS.TAPERING_AN_SSRI_IN_A_LOW_RISK_PATIENT,-0.9,expert_prior,clinical_review_fixed_2026_10_07
ZQ-0392,batch03,MENTAL_HEALTH,MENTAL_HEALTH.MOOD_DISORDERS,MENTAL_HEALTH.MOOD_DISORDERS.BIPOLAR_DISORDER_IN_A_WOMAN_OF_CHILDBEARING_POTE,1.3,expert_prior,clinical_review_fixed_2026_10_07
ZQ-0393,batch03,MENTAL_HEALTH,MENTAL_HEALTH.PSYCHOSIS,MENTAL_HEALTH.PSYCHOSIS.RED_FLAGS_OF_CLOZAPINE_INDUCED_GASTROINTESTINAL,1.5,expert_prior,clinical_review_fixed_2026_10_07
ZQ-0394,batch03,MENTAL_HEALTH,MENTAL_HEALTH.PSYCHOSIS,MENTAL_HEALTH.PSYCHOSIS.STARTING_OLANZAPINE_CO_INITIATE_METFORMIN_TO_LIM,0.5,expert_prior,clinical_review_fixed_2026_10_07
ZQ-0395,batch03,POPULATION_HEALTH,POPULATION_HEALTH.EPIDEMIOLOGY,POPULATION_HEALTH.EPIDEMIOLOGY.PREVALENCE_FROM_INCIDENCE_AND_AVERAGE_DURATION_S,-1.0,expert_prior,clinical_review_fixed_2026_10_07
ZQ-0396,batch03,POPULATION_HEALTH,POPULATION_HEALTH.EPIDEMIOLOGY,POPULATION_HEALTH.EPIDEMIOLOGY.INCIDENCE_RATE_USING_PERSON_TIME,-0.7,expert_prior,clinical_review_fixed_2026_10_07
ZQ-0397,batch03,POPULATION_HEALTH,POPULATION_HEALTH.EPIDEMIOLOGY,POPULATION_HEALTH.EPIDEMIOLOGY.HERD_IMMUNITY_THRESHOLD_FROM_R0,0.3,expert_prior,clinical_review_fixed_2026_10_07
ZQ-0398,batch03,POPULATION_HEALTH,POPULATION_HEALTH.EPIDEMIOLOGY,POPULATION_HEALTH.EPIDEMIOLOGY.ECOLOGICAL_FALLACY,0.6,expert_prior,clinical_review_fixed_2026_10_07
ZQ-0399,batch03,POPULATION_HEALTH,POPULATION_HEALTH.INFECTIOUS_DISEASES,POPULATION_HEALTH.INFECTIOUS_DISEASES.BAT_EXPOSURE_TEST_THE_BAT_AND_TIME_PEP_TO_THE_48,0.4,expert_prior,clinical_review_fixed_2026_10_07
ZQ-0400,batch03,POPULATION_HEALTH,POPULATION_HEALTH.INFECTIOUS_DISEASES,POPULATION_HEALTH.INFECTIOUS_DISEASES.ABLV_POST_EXPOSURE_PROPHYLAXIS_IN_A_NON_IMMUNE_I,1.1,expert_prior,clinical_review_fixed_2026_10_07
